date,close,lower_band,upper_band,cash,stock_qty,equity,open_put,open_call
2023-01-02,22.920000076293945,NA,NA,1000,0,1000,FALSE,FALSE
2023-01-03,22.34000015258789,NA,NA,1000,0,1000,FALSE,FALSE
2023-01-04,23.049999237060547,NA,NA,1000,0,1000,FALSE,FALSE
2023-01-05,23.8799991607666,NA,NA,1000,0,1000,FALSE,FALSE
2023-01-06,23.739999771118164,NA,NA,1000,0,1000,FALSE,FALSE
2023-01-09,23.8700008392334,NA,NA,1000,0,1000,FALSE,FALSE
2023-01-10,24.09000015258789,NA,NA,1000,0,1000,FALSE,FALSE
2023-01-11,24.280000686645508,NA,NA,1000,0,1000,FALSE,FALSE
2023-01-12,24.6299991607666,NA,NA,1000,0,1000,FALSE,FALSE
2023-01-13,24.56999969482422,NA,NA,1000,0,1000,FALSE,FALSE
2023-01-16,24.040000915527344,NA,NA,1000,0,1000,FALSE,FALSE
2023-01-17,25.520000457763672,NA,NA,1000,0,1000,FALSE,FALSE
2023-01-18,25.06999969482422,NA,NA,1000,0,1000,FALSE,FALSE
2023-01-19,25.889999389648438,NA,NA,1000,0,1000,FALSE,FALSE
2023-01-20,26.3700008392334,NA,NA,1000,0,1000,FALSE,FALSE
2023-01-23,26.790000915527344,NA,NA,1000,0,1000,FALSE,FALSE
2023-01-24,26.600000381469727,NA,NA,1000,0,1000,FALSE,FALSE
2023-01-25,26.940000534057617,NA,NA,1000,0,1000,FALSE,FALSE
2023-01-26,26.25,NA,NA,1000,0,1000,FALSE,FALSE
2023-01-27,25.6200008392334,22.150711592076394,27.495288697840596,1000,0,1000,FALSE,FALSE
2023-01-30,25.75,22.413300225777526,27.51570005651007,1000,0,1000,FALSE,FALSE
2023-01-31,26.06999969482422,22.86269990697092,27.439300329540313,1000,0,1000,FALSE,FALSE
2023-02-01,25.709999084472656,23.199481726592847,27.368518494659593,1000,0,1000,FALSE,FALSE
2023-02-02,24.520000457763672,23.300158853038962,27.331841497913185,1000,0,1000,FALSE,FALSE
2023-02-03,24.790000915527344,23.468192151726907,27.26880831366616,1000,0,1000,FALSE,FALSE
2023-02-06,25.780000686645508,23.686514290747127,27.24148615938715,1000,0,1000,FALSE,FALSE
2023-02-07,25.6200008392334,23.878170802226865,27.202829716571966,1000,0,1000,FALSE,FALSE
2023-02-08,26.049999237060547,24.05860014789703,27.1994002259433,1000,0,1000,FALSE,FALSE
2023-02-09,25.93000030517578,24.188086615476614,27.199913872804636,1000,0,1000,FALSE,FALSE
2023-02-10,26.719999313354492,24.325217648988954,27.27778280114532,1000,0,1000,FALSE,FALSE
2023-02-13,26.799999237060547,24.642558188328678,27.23644209395892,1000,0,1000,FALSE,FALSE
2023-02-14,26.700000762939453,24.67614972476623,27.320850588038947,1000,0,1000,FALSE,FALSE
2023-02-15,26.739999771118164,24.7942644047942,27.36973591564037,1000,0,1000,FALSE,FALSE
2023-02-16,26.850000381469727,24.803486219855344,27.456514199761358,1000,0,1000,FALSE,FALSE
2023-02-17,26.440000534057617,24.804105465452768,27.462894923646356,1000,0,1000,FALSE,FALSE
2023-02-22,25.760000228881836,24.77877986527582,27.38522045515875,1000,0,1000,FALSE,FALSE
2023-02-23,26.549999237060547,24.780077955523335,27.378922250470314,1000,0,1000,FALSE,FALSE
2023-02-24,25.899999618530273,24.788131756546594,27.26686835789432,1000,0,1000,FALSE,FALSE
2023-02-27,26.149999618530273,24.785958988464788,27.259041087829157,1000,0,1000,FALSE,FALSE
2023-02-28,25.239999771118164,24.731631291838422,27.275368677644,1000,0,1000,FALSE,FALSE
2023-03-01,25.299999237060547,24.67648655951671,27.285513333671766,1000,0,1000,FALSE,FALSE
2023-03-02,24.639999389648438,24.481431839105518,27.33756802356538,1000,0,1000,FALSE,FALSE
2023-03-03,25.700000762939453,24.480645948819788,27.337354081697793,1000,0,1000,FALSE,FALSE
2023-03-06,25.959999084472656,24.702674633721415,27.25932525946706,1000,0,1000,FALSE,FALSE
2023-03-07,25.100000381469727,24.769841484469328,27.223158355313384,1000,0,1000,FALSE,FALSE
2023-03-08,25.420000076293945,24.729303770611057,27.2276960081365,1000,0,1000,FALSE,FALSE
2023-03-09,25.309999465942383,24.688949513989474,27.237050127428983,1000,0,1000,FALSE,FALSE
2023-03-10,24.979999542236328,24.566555562965622,27.252444108970412,1000,0,1000,FALSE,FALSE
2023-03-13,24.190000534057617,24.284814949794416,27.360184745029805,1015.1609255384791,0,1015.1609255384791,TRUE,FALSE
2023-03-14,23.760000228881836,23.952135595028857,27.396864191348094,1015.1609255384791,0,1015.1609255384791,TRUE,FALSE
2023-03-15,23.34000015258789,23.58226808947638,27.42073178845331,1015.1609255384791,0,1015.1609255384791,TRUE,FALSE
2023-03-16,23.260000228881836,23.26003181625405,27.398968008269875,1015.1609255384791,0,1015.1609255384791,TRUE,FALSE
2023-03-17,23.510000228881836,23.060256336141112,27.27574353415918,23.370903642116787,41,987.2809130262721,FALSE,FALSE
2023-03-20,22.93000030517578,22.798334262091135,27.145665600579765,23.370903642116787,41,963.5009161543238,FALSE,FALSE
2023-03-21,23.399999618530273,22.653057747715835,26.986942023402328,23.370903642116787,41,982.770888001858,FALSE,FALSE
2023-03-22,23.329999923706055,22.484027232830112,26.912972507770473,23.370903642116787,41,979.900900514065,FALSE,FALSE
2023-03-23,22.799999237060547,22.32044856709743,26.701551173503155,23.370903642116787,41,958.1708723615992,FALSE,FALSE
2023-03-24,22.790000915527344,22.14003214865758,26.570967721642713,23.370903642116787,41,957.7609411787379,FALSE,FALSE
2023-03-27,23.18000030517578,22.09692826286752,26.31707167609732,23.370903642116787,41,973.7509161543238,FALSE,FALSE
2023-03-28,23.59000015258789,22.053776043550467,26.195223933561348,23.370903642116787,41,990.5609098982203,FALSE,FALSE
2023-03-29,23.899999618530273,22.053995557826447,26.05500445743234,23.370903642116787,41,1003.270888001858,FALSE,FALSE
2023-03-30,23.969999313354492,22.038477564885774,26.003522442743623,23.370903642116787,41,1006.140875489651,FALSE,FALSE
2023-03-31,23.450000762939453,22.069704327932133,25.747295679697263,23.370903642116787,41,984.8209349226344,FALSE,FALSE
2023-04-03,24.489999771118164,22.227063702927666,25.44293637336628,23.370903642116787,41,1027.4608942579616,FALSE,FALSE
2023-04-04,24.270000457763672,22.278122148934,25.308877934989344,23.370903642116787,41,1018.4409224104273,FALSE,FALSE
2023-04-05,24.350000381469727,22.391757045576906,25.088243068864013,23.370903642116787,41,1021.7209192823756,FALSE,FALSE
2023-04-06,24,22.525092150328994,24.823908017517688,23.370903642116787,41,1007.3709036421168,FALSE,FALSE
2023-04-10,24.510000228881836,22.593798181264336,24.708202055246897,23.370903642116787,41,1028.2809130262722,FALSE,FALSE
2023-04-11,25.65999984741211,22.366126553384436,25.08287361446224,50.3677391594813,41,1102.4277329033778,FALSE,TRUE
2023-04-12,25.850000381469727,22.184373722736375,25.473626460369097,50.3677391594813,41,1110.21775479974,FALSE,TRUE
2023-04-13,26.030000686645508,22.07842945641506,25.848570780096175,50.3677391594813,41,1117.597767311947,FALSE,TRUE
2023-04-14,26.299999237060547,22.005064410322845,26.22593572700626,50.3677391594813,41,1128.6677078789637,FALSE,TRUE
2023-04-17,26.709999084472656,21.903897650454198,26.647102372433984,50.3677391594813,41,1145.4777016228602,FALSE,TRUE
2023-04-18,27.389999389648438,21.852081778046713,27.14491815328874,50.3677391594813,41,1173.3577141350672,FALSE,TRUE
2023-04-19,26.510000228881836,21.920011290089885,27.38798870228072,50.3677391594813,41,1137.2777485436366,FALSE,TRUE
2023-04-20,26.690000534057617,22.02195313357771,27.62204691982805,1102.4277329033778,0,1102.4277329033778,FALSE,FALSE
2023-04-24,27.200000762939453,22.220663091743468,27.863337114250186,1102.4277329033778,0,1102.4277329033778,FALSE,FALSE
2023-04-25,27.09000015258789,22.50026225192074,28.01373787777897,1102.4277329033778,0,1102.4277329033778,FALSE,FALSE
2023-04-26,26.75,22.779341441383117,28.09165865779901,1102.4277329033778,0,1102.4277329033778,FALSE,FALSE
2023-04-27,26.100000381469727,23.031313182247004,28.090686939823307,1102.4277329033778,0,1102.4277329033778,FALSE,FALSE
2023-04-28,23.700000762939453,22.993697849693525,28.108302386817705,1102.4277329033778,0,1102.4277329033778,FALSE,FALSE
2023-05-02,22.739999771118164,22.73176596516607,28.24723431712153,1102.4277329033778,0,1102.4277329033778,FALSE,FALSE
2023-05-03,22.65999984741211,22.55722295037396,28.342777240360906,1102.4277329033778,0,1102.4277329033778,FALSE,FALSE
2023-05-04,23.020000457763672,22.319833619590515,28.4331666398089,1102.4277329033778,0,1102.4277329033778,FALSE,FALSE
2023-05-05,24,22.284597376796338,28.441402836826708,1102.4277329033778,0,1102.4277329033778,FALSE,FALSE
2023-05-08,24.510000228881836,22.302352931732877,28.439647266631383,1102.4277329033778,0,1102.4277329033778,FALSE,FALSE
2023-05-09,24.59000015258789,22.37408665762479,28.426913555998258,1102.4277329033778,0,1102.4277329033778,FALSE,FALSE
2023-05-10,24.530000686645508,22.376251345414595,28.426748913984817,1102.4277329033778,0,1102.4277329033778,FALSE,FALSE
2023-05-11,25.43000030517578,22.367021614769072,28.41297869040671,1102.4277329033778,0,1102.4277329033778,FALSE,FALSE
2023-05-12,26.25,22.36986869744779,28.45013156958102,1102.4277329033778,0,1102.4277329033778,FALSE,FALSE
2023-05-15,25.65999984741211,22.362201496735224,28.420798686370247,1102.4277329033778,0,1102.4277329033778,FALSE,FALSE
2023-05-16,26.299999237060547,22.362201496735224,28.420798686370247,1102.4277329033778,0,1102.4277329033778,FALSE,FALSE
2023-05-17,25.65999984741211,22.367072220496958,28.310928038902453,1102.4277329033778,0,1102.4277329033778,FALSE,FALSE
2023-05-18,25.809999465942383,22.429728064967765,28.09027220206104,1102.4277329033778,0,1102.4277329033778,FALSE,FALSE
2023-05-19,25.770000457763672,22.440108842042434,28.00589144787456,1102.4277329033778,0,1102.4277329033778,FALSE,FALSE
2023-05-22,25.6200008392334,22.46133862657418,27.877661693860393,1102.4277329033778,0,1102.4277329033778,FALSE,FALSE
2023-05-23,26.25,22.527000445956382,27.71699979818424,1102.4277329033778,0,1102.4277329033778,FALSE,FALSE
2023-05-24,26.649999618530273,22.56535239153468,27.63464779920018,1102.4277329033778,0,1102.4277329033778,FALSE,FALSE
2023-05-25,26.450000762939453,22.586292585490078,27.583707681538733,1102.4277329033778,0,1102.4277329033778,FALSE,FALSE
2023-05-26,26.799999237060547,22.546901028270646,27.693099124317243,1102.4277329033778,0,1102.4277329033778,FALSE,FALSE
2023-05-29,26.690000534057617,22.696342782032552,27.842657347667156,1102.4277329033778,0,1102.4277329033778,FALSE,FALSE
2023-05-30,26.389999389648438,23.115476382266817,27.788523709285915,1102.4277329033778,0,1102.4277329033778,FALSE,FALSE
2023-05-31,26.1200008392334,23.65781460538824,27.592185585346627,1102.4277329033778,0,1102.4277329033778,FALSE,FALSE
2023-06-01,26.959999084472656,24.174631610713536,27.469368442692225,1102.4277329033778,0,1102.4277329033778,FALSE,FALSE
2023-06-02,27.18000030517578,24.4586351676968,27.50336491622654,1102.4277329033778,0,1102.4277329033778,FALSE,FALSE
2023-06-05,27.469999313354492,24.632125071343488,27.62587492102712,1102.4277329033778,0,1102.4277329033778,FALSE,FALSE
2023-06-06,28.049999237060547,24.757570568098185,27.846429332719683,1102.4277329033778,0,1102.4277329033778,FALSE,FALSE
2023-06-07,28.8700008392334,24.819636683589586,28.21836323248707,1102.4277329033778,0,1102.4277329033778,FALSE,FALSE
2023-06-09,30.280000686645508,24.471423177335797,29.05157677688784,1102.4277329033778,0,1102.4277329033778,FALSE,FALSE
2023-06-12,30.809999465942383,24.115085405762734,29.863914495055134,1102.4277329033778,0,1102.4277329033778,FALSE,FALSE
2023-06-13,28.860000610351562,24.232978196310746,30.066021780801073,1102.4277329033778,0,1102.4277329033778,FALSE,FALSE
2023-06-14,30.100000381469727,24.18379735286873,30.495202738684007,1102.4277329033778,0,1102.4277329033778,FALSE,FALSE
2023-06-15,29.389999389648438,24.348564602811717,30.70343544296465,1102.4277329033778,0,1102.4277329033778,FALSE,FALSE
2023-06-16,29.639999389648438,24.51527049312668,30.919729545020296,1102.4277329033778,0,1102.4277329033778,FALSE,FALSE
2023-06-19,30.420000076293945,24.672775659812537,31.227224340187462,1102.4277329033778,0,1102.4277329033778,FALSE,FALSE
2023-06-20,30.56999969482422,24.91386248539256,31.48113740016652,1102.4277329033778,0,1102.4277329033778,FALSE,FALSE
2023-06-21,31.850000381469727,24.959222600084722,31.995777323621333,1102.4277329033778,0,1102.4277329033778,FALSE,FALSE
2023-06-22,31.450000762939453,25.07784671333254,32.35715332481443,1102.4277329033778,0,1102.4277329033778,FALSE,FALSE
2023-06-23,30.15999984741211,25.367849929867447,32.438150016726794,1102.4277329033778,0,1102.4277329033778,FALSE,FALSE
2023-06-26,30.84000015258789,25.612158586202767,32.597841451944205,1102.4277329033778,0,1102.4277329033778,FALSE,FALSE
2023-06-27,30.600000381469727,25.934846879985304,32.666153142902886,1102.4277329033778,0,1102.4277329033778,FALSE,FALSE
2023-06-28,30.889999389648438,26.373323004665096,32.677677018223086,1102.4277329033778,0,1102.4277329033778,FALSE,FALSE
2023-06-29,31.030000686645508,26.973079627713716,32.56892037991568,1102.4277329033778,0,1102.4277329033778,FALSE,FALSE
2023-06-30,29.530000686645508,27.410809615199636,32.38819055264704,1102.4277329033778,0,1102.4277329033778,FALSE,FALSE
2023-07-03,30.079999923706055,27.8911630033678,32.197837126331905,1102.4277329033778,0,1102.4277329033778,FALSE,FALSE
2023-07-04,30.149999618530273,28.37804133543548,31.978958824781802,1102.4277329033778,0,1102.4277329033778,FALSE,FALSE
2023-07-05,30.110000610351562,28.76688768930029,31.796112608246098,1102.4277329033778,0,1102.4277329033778,FALSE,FALSE
2023-07-06,29.649999618530273,28.917197039495548,31.723803135980525,1102.4277329033778,0,1102.4277329033778,FALSE,FALSE
2023-07-07,29.5,28.833228161462525,31.729771945348997,1102.4277329033778,0,1102.4277329033778,FALSE,FALSE
2023-07-10,29.549999237060547,28.75809878536215,31.678901298561186,1102.4277329033778,0,1102.4277329033778,FALSE,FALSE
2023-07-11,29.149999618530273,28.821913416051625,31.644086568689584,1102.4277329033778,0,1102.4277329033778,FALSE,FALSE
2023-07-12,29.170000076293945,28.701585061971155,31.671414892252475,1102.4277329033778,0,1102.4277329033778,FALSE,FALSE
2023-07-13,29.6299991607666,28.735813293526867,31.661186637808584,1102.4277329033778,0,1102.4277329033778,FALSE,FALSE
2023-07-14,29.049999237060547,28.64014499268111,31.697854923395553,1102.4277329033778,0,1102.4277329033778,FALSE,FALSE
2023-07-17,28.989999771118164,28.490528700769254,31.70447118478983,1102.4277329033778,0,1102.4277329033778,FALSE,FALSE
2023-07-18,28.829999923706055,28.328613918504512,31.692385989942753,1102.4277329033778,0,1102.4277329033778,FALSE,FALSE
2023-07-19,29.100000381469727,28.37561384263575,31.370386065811516,1102.4277329033778,0,1102.4277329033778,FALSE,FALSE
2023-07-20,29.1299991607666,28.414850546166374,31.099149202063604,1102.4277329033778,0,1102.4277329033778,FALSE,FALSE
2023-07-21,29.68000030517578,28.40342672717185,31.0625730668345,1102.4277329033778,0,1102.4277329033778,FALSE,FALSE
2023-07-24,30.299999237060547,28.447406771156928,30.964592931296686,1102.4277329033778,0,1102.4277329033778,FALSE,FALSE
2023-07-25,31,28.400293819629567,31.051705844677073,1102.4277329033778,0,1102.4277329033778,FALSE,FALSE
2023-07-26,31,28.385761507022313,31.077238218319483,1102.4277329033778,0,1102.4277329033778,FALSE,FALSE
2023-07-27,29.389999389648438,28.4369737915166,30.862025804125487,1102.4277329033778,0,1102.4277329033778,FALSE,FALSE
2023-07-28,29.760000228881836,28.448862662387878,30.873136887477845,1102.4277329033778,0,1102.4277329033778,FALSE,FALSE
2023-07-31,31.110000610351562,28.354753211133357,31.070246407396915,1102.4277329033778,0,1102.4277329033778,FALSE,FALSE
2023-08-01,30.600000381469727,28.334749493231385,31.135250201592832,1102.4277329033778,0,1102.4277329033778,FALSE,FALSE
2023-08-02,30.530000686645508,28.321699601565776,31.19030010088784,1102.4277329033778,0,1102.4277329033778,FALSE,FALSE
2023-08-03,30.920000076293945,28.299690580329933,31.339309167900044,1102.4277329033778,0,1102.4277329033778,FALSE,FALSE
2023-08-04,30,28.33009559696426,31.358904151265723,1102.4277329033778,0,1102.4277329033778,FALSE,FALSE
2023-08-07,30.190000534057617,28.361292918716483,31.391706959213206,1102.4277329033778,0,1102.4277329033778,FALSE,FALSE
2023-08-08,30.219999313354492,28.445937545750336,31.414062301661776,1102.4277329033778,0,1102.4277329033778,FALSE,FALSE
2023-08-09,30.459999084472656,28.536261198272815,31.452738549957164,1102.4277329033778,0,1102.4277329033778,FALSE,FALSE
2023-08-10,30.6299991607666,28.571183970996252,31.51781577723373,1102.4277329033778,0,1102.4277329033778,FALSE,FALSE
2023-08-11,30.559999465942383,28.704655261135457,31.535344509982707,1102.4277329033778,0,1102.4277329033778,FALSE,FALSE
2023-08-14,30.639999389648438,28.870330484013273,31.53466924895792,1102.4277329033778,0,1102.4277329033778,FALSE,FALSE
2023-08-15,30.860000610351562,29.10267710374384,31.505322697891902,1102.4277329033778,0,1102.4277329033778,FALSE,FALSE
2023-08-16,31.540000915527344,29.24309791557631,31.608901939465195,1102.4277329033778,0,1102.4277329033778,FALSE,FALSE
2023-08-17,31.440000534057617,29.438952058478236,31.644047933892367,1102.4277329033778,0,1102.4277329033778,FALSE,FALSE
2023-08-18,31.520000457763672,29.526787648924415,31.740212358704976,1102.4277329033778,0,1102.4277329033778,FALSE,FALSE
2023-08-21,31.299999237060547,29.55150533520308,31.815494672426315,1102.4277329033778,0,1102.4277329033778,FALSE,FALSE
2023-08-22,30.610000610351562,29.541085559772128,31.786914508892423,1102.4277329033778,0,1102.4277329033778,FALSE,FALSE
2023-08-23,32.2400016784668,29.414612335550633,32.037387900960596,1102.4277329033778,0,1102.4277329033778,FALSE,FALSE
2023-08-24,32.189998626708984,29.557177442569294,32.174822717647984,1102.4277329033778,0,1102.4277329033778,FALSE,FALSE
2023-08-25,31.969999313354492,29.68681345836876,32.26618661029579,1102.4277329033778,0,1102.4277329033778,FALSE,FALSE
2023-08-28,32.33000183105469,29.619319438179502,32.45568075255536,1102.4277329033778,0,1102.4277329033778,FALSE,FALSE
2023-08-29,32.400001525878906,29.607027474464314,32.647972830711474,1102.4277329033778,0,1102.4277329033778,FALSE,FALSE
2023-08-30,32.619998931884766,29.606495331805526,32.85750479789418,1102.4277329033778,0,1102.4277329033778,FALSE,FALSE
2023-08-31,31.940000534057617,29.635988927448278,32.9300112480278,1102.4277329033778,0,1102.4277329033778,FALSE,FALSE
2023-09-01,32.630001068115234,29.778302968081693,33.0506973142059,1102.4277329033778,0,1102.4277329033778,FALSE,FALSE
2023-09-04,32.290000915527344,29.942648348298015,33.09635197213655,1102.4277329033778,0,1102.4277329033778,FALSE,FALSE
2023-09-05,33.369998931884766,30.023408501295915,33.33059178099169,1102.4277329033778,0,1102.4277329033778,FALSE,FALSE
2023-09-06,33.52000045776367,30.09108073313502,33.56891968648168,1102.4277329033778,0,1102.4277329033778,FALSE,FALSE
2023-09-08,33.400001525878906,30.193087097776726,33.7439135583512,1102.4277329033778,0,1102.4277329033778,FALSE,FALSE
2023-09-11,33.369998931884766,30.357088231685246,33.860912371036925,1102.4277329033778,0,1102.4277329033778,FALSE,FALSE
2023-09-12,33.529998779296875,30.533637039568745,33.97336350211826,1102.4277329033778,0,1102.4277329033778,FALSE,FALSE
2023-09-13,33.029998779296875,30.736250401580065,33.98774995700148,1102.4277329033778,0,1102.4277329033778,FALSE,FALSE
2023-09-14,33.869998931884766,30.773082558853627,34.18391760136366,1102.4277329033778,0,1102.4277329033778,FALSE,FALSE
2023-09-15,33.88999938964844,30.859967634729863,34.34203241104651,1102.4277329033778,0,1102.4277329033778,FALSE,FALSE
2023-09-18,34.130001068115234,30.943504088069954,34.51949601874157,1102.4277329033778,0,1102.4277329033778,FALSE,FALSE
2023-09-19,34.209999084472656,31.105107966536924,34.64889212501581,1102.4277329033778,0,1102.4277329033778,FALSE,FALSE
2023-09-20,34.290000915527344,31.51969070806585,34.602309414004466,1102.4277329033778,0,1102.4277329033778,FALSE,FALSE
2023-09-21,33.7599983215332,31.615342024808978,34.658657761567966,1102.4277329033778,0,1102.4277329033778,FALSE,FALSE
2023-09-22,34.029998779296875,31.72510037453248,34.732899427103256,1102.4277329033778,0,1102.4277329033778,FALSE,FALSE
2023-09-25,34.25,31.89344776343996,34.792552106860335,1102.4277329033778,0,1102.4277329033778,FALSE,FALSE
2023-09-26,33.459999084472656,32.026205477949794,34.77279411769229,1102.4277329033778,0,1102.4277329033778,FALSE,FALSE
2023-09-27,34.52000045776367,32.12989139864894,34.88110809018163,1102.4277329033778,0,1102.4277329033778,FALSE,FALSE
2023-09-28,34.45000076293945,32.22572183682795,34.96827783510809,1102.4277329033778,0,1102.4277329033778,FALSE,FALSE
2023-09-29,34.63999938964844,32.51711555001921,34.9468840074759,1102.4277329033778,0,1102.4277329033778,FALSE,FALSE
2023-10-02,34.119998931884766,32.69251080763242,34.92048853623966,1102.4277329033778,0,1102.4277329033778,FALSE,FALSE
2023-10-03,33.970001220703125,33.01978731494404,34.76121205944561,1102.4277329033778,0,1102.4277329033778,FALSE,FALSE
2023-10-04,32.619998931884766,32.842472467480476,34.86352690690917,1128.378074061362,0,1128.378074061362,TRUE,FALSE
2023-10-05,32.72999954223633,32.69771632236709,34.92928296046983,1128.378074061362,0,1128.378074061362,TRUE,FALSE
2023-10-06,33.5099983215332,32.710361625972425,34.927637336429925,1128.378074061362,0,1128.378074061362,TRUE,FALSE
2023-10-09,34.95000076293945,32.706518848030974,35.08948029747683,1128.378074061362,0,1128.378074061362,TRUE,FALSE
2023-10-10,35.209999084472656,32.67487069839032,35.289128477635074,1128.378074061362,0,1128.378074061362,TRUE,FALSE
2023-10-11,35.119998931884766,32.76640402293578,35.406595168348396,1128.378074061362,0,1128.378074061362,TRUE,FALSE
2023-10-13,36.279998779296875,32.582966166345855,35.83103300967953,1128.378074061362,0,1128.378074061362,TRUE,FALSE
2023-10-16,36.68000030517578,32.40673362009832,36.28626564747981,1128.378074061362,0,1128.378074061362,TRUE,FALSE
2023-10-17,37.66999816894531,32.107484056350835,36.9395149213103,1128.378074061362,0,1128.378074061362,TRUE,FALSE
2023-10-18,38.52000045776367,31.76812141293371,37.70987770205653,1128.378074061362,0,1128.378074061362,TRUE,FALSE
2023-10-19,38.34000015258789,31.592587291070927,38.290411747625356,1128.378074061362,0,1128.378074061362,TRUE,FALSE
2023-10-20,37.849998474121094,31.616039708775865,38.675959345179216,1128.378074061362,0,1128.378074061362,FALSE,FALSE
2023-10-23,35.349998474121094,31.718802708431333,38.70519631500617,1128.378074061362,0,1128.378074061362,FALSE,FALSE
2023-10-24,35.880001068115234,31.81786847488535,38.769130655363675,1128.378074061362,0,1128.378074061362,FALSE,FALSE
2023-10-25,36.06999969482422,32.03871731326868,38.8092818780155,1128.378074061362,0,1128.378074061362,FALSE,FALSE
2023-10-26,35.70000076293945,32.12174916430186,38.84425005749989,1128.378074061362,0,1128.378074061362,FALSE,FALSE
2023-10-27,35.439998626708984,32.20456379256941,38.86043521560931,1128.378074061362,0,1128.378074061362,FALSE,FALSE
2023-10-30,35.08000183105469,32.2446870005734,38.864312251745936,1128.378074061362,0,1128.378074061362,FALSE,FALSE
2023-10-31,34.7400016784668,32.31867584484596,38.852323682131576,1128.378074061362,0,1128.378074061362,FALSE,FALSE
2023-11-01,35.119998931884766,32.45234381292955,38.833655485166155,1128.378074061362,0,1128.378074061362,FALSE,FALSE
2023-11-03,35.540000915527344,32.91333710644832,38.66466239001165,1128.378074061362,0,1128.378074061362,FALSE,FALSE
2023-11-06,35.5099983215332,33.41081403564353,38.44518533874612,1128.378074061362,0,1128.378074061362,FALSE,FALSE
2023-11-07,34.91999816894531,33.68544760493134,38.31155175419951,1128.378074061362,0,1128.378074061362,FALSE,FALSE
2023-11-08,34.16999816894531,33.55264695389365,38.3663521458378,1128.378074061362,0,1128.378074061362,FALSE,FALSE
2023-11-09,34.880001068115234,33.51142328036745,38.374576017728245,1128.378074061362,0,1128.378074061362,FALSE,FALSE
2023-11-10,34.720001220703125,33.45832074785773,38.38767877911981,1128.378074061362,0,1128.378074061362,FALSE,FALSE
2023-11-13,35.689998626708984,33.43249794871213,38.354501563006615,1128.378074061362,0,1128.378074061362,FALSE,FALSE
2023-11-14,36.18000030517578,33.42990799319824,38.30709151852051,1128.378074061362,0,1128.378074061362,FALSE,FALSE
2023-11-16,35.54999923706055,33.46619951535069,38.058800103179586,1128.378074061362,0,1128.378074061362,FALSE,FALSE
2023-11-17,36.709999084472656,33.69740535183913,37.646594129362036,1128.378074061362,0,1128.378074061362,FALSE,FALSE
2023-11-20,36.7400016784668,33.9555697276024,37.228429906186655,1128.378074061362,0,1128.378074061362,FALSE,FALSE
2023-11-21,36.36000061035156,34.19312990088653,36.84186994652558,1128.378074061362,0,1128.378074061362,FALSE,FALSE
2023-11-22,35.15999984741211,34.17625494306541,36.839745041675805,1128.378074061362,0,1128.378074061362,FALSE,FALSE
2023-11-23,35.16999816894531,34.14446523881287,36.80053445601135,1128.378074061362,0,1128.378074061362,FALSE,FALSE
2023-11-24,35.27000045776367,34.130933167763004,36.73406660335516,1128.378074061362,0,1128.378074061362,FALSE,FALSE
2023-11-27,35.06999969482422,34.096363161967744,36.70563650233889,1128.378074061362,0,1128.378074061362,FALSE,FALSE
2023-11-28,35.599998474121094,34.10154552230651,36.71645412674134,1128.378074061362,0,1128.378074061362,FALSE,FALSE
2023-11-29,35.22999954223633,34.114972897634,36.71802652253202,1128.378074061362,0,1128.378074061362,FALSE,FALSE
2023-11-30,35.90999984741211,34.19536621551089,36.754633021549665,1128.378074061362,0,1128.378074061362,FALSE,FALSE
2023-12-01,35.66999816894531,34.23095074374967,36.77404841701693,1128.378074061362,0,1128.378074061362,FALSE,FALSE
2023-12-04,34.90999984741211,34.17377273602202,36.76822631793305,1128.378074061362,0,1128.378074061362,FALSE,FALSE
2023-12-05,34.75,34.09857641900469,36.76742280279707,1128.378074061362,0,1128.378074061362,FALSE,FALSE
2023-12-06,33.5,33.79509679852777,36.92890260637946,1150.5171239798544,0,1150.5171239798544,TRUE,FALSE
2023-12-07,33.41999816894531,33.61579839140369,37.033201013503536,1150.5171239798544,0,1150.5171239798544,TRUE,FALSE
2023-12-08,34.4900016784668,33.56778910717871,37.04221035876367,1150.5171239798544,0,1150.5171239798544,TRUE,FALSE
2023-12-11,34.36000061035156,33.518733667477264,37.05526573742996,1150.5171239798544,0,1150.5171239798544,TRUE,FALSE
2023-12-12,34.08000183105469,33.37354295664367,37.03945676869812,1150.5171239798544,0,1150.5171239798544,TRUE,FALSE
2023-12-13,34.56999969482422,33.33008895738199,36.92191070692465,1150.5171239798544,0,1150.5171239798544,TRUE,FALSE
2023-12-14,35.31999969482422,33.326669056979625,36.90233065310338,1150.5171239798544,0,1150.5171239798544,TRUE,FALSE
2023-12-15,35.400001525878906,33.40998908359999,36.68801087062365,1150.5171239798544,0,1150.5171239798544,FALSE,FALSE
2023-12-18,35.84000015258789,33.51018077310925,36.4978190285265,1150.5171239798544,0,1150.5171239798544,FALSE,FALSE
2023-12-19,36.25,33.524006652429634,36.47299308817095,1150.5171239798544,0,1150.5171239798544,FALSE,FALSE
2023-12-20,36.380001068115234,33.467099578675104,36.6519002839958,1150.5171239798544,0,1150.5171239798544,FALSE,FALSE
2023-12-21,36.38999938964844,33.42566706757274,36.81533291716847,1150.5171239798544,0,1150.5171239798544,FALSE,FALSE
2023-12-22,36.7400016784668,33.35798897731898,37.030011129492536,1150.5171239798544,0,1150.5171239798544,FALSE,FALSE
2023-12-26,37.33000183105469,33.25047734828597,37.3635229721486,1150.5171239798544,0,1150.5171239798544,FALSE,FALSE
2023-12-27,37.36000061035156,33.153549270897344,37.63645126316027,1150.5171239798544,0,1150.5171239798544,FALSE,FALSE
2023-12-28,37.2400016784668,33.11662196669392,37.87437878098674,1150.5171239798544,0,1150.5171239798544,FALSE,FALSE
2024-01-02,37.779998779296875,33.013438605754956,38.16456203511419,1150.5171239798544,0,1150.5171239798544,FALSE,FALSE
2024-01-03,38.959999084472656,32.787578673209204,38.71942205921267,1150.5171239798544,0,1150.5171239798544,FALSE,FALSE
2024-01-04,38.630001068115234,32.750321844794755,39.128679009697436,1150.5171239798544,0,1150.5171239798544,FALSE,FALSE
2024-01-05,38.720001220703125,32.7799496231153,39.4960513534472,1150.5171239798544,0,1150.5171239798544,FALSE,FALSE
2024-01-08,38.43000030517578,33.11459226326082,39.65440874381926,1150.5171239798544,0,1150.5171239798544,FALSE,FALSE
2024-01-09,38.099998474121094,33.56822057913238,39.66878045846527,1150.5171239798544,0,1150.5171239798544,FALSE,FALSE
2024-01-10,37.75,33.85782320024437,39.70517766950661,1150.5171239798544,0,1150.5171239798544,FALSE,FALSE
2024-01-11,38.06999969482422,34.21571679252529,39.71828398567295,1150.5171239798544,0,1150.5171239798544,FALSE,FALSE
2024-01-12,38.16999816894531,34.716959653228336,39.62604075875897,1150.5171239798544,0,1150.5171239798544,FALSE,FALSE
2024-01-15,38.58000183105469,35.15678417493495,39.587216450675406,1150.5171239798544,0,1150.5171239798544,FALSE,FALSE
2024-01-16,38.099998474121094,35.48769761432578,39.53430288921426,1150.5171239798544,0,1150.5171239798544,FALSE,FALSE
2024-01-17,37.880001068115234,35.85505113361428,39.41494932414939,1150.5171239798544,0,1150.5171239798544,FALSE,FALSE
2024-01-18,37.72999954223633,36.151559222299696,39.30744117442882,1150.5171239798544,0,1150.5171239798544,FALSE,FALSE
2024-01-19,37.529998779296875,36.36392336392952,39.223076910728686,1150.5171239798544,0,1150.5171239798544,FALSE,FALSE
2024-01-22,37.70000076293945,36.58340519536276,39.13559504877787,1150.5171239798544,0,1150.5171239798544,FALSE,FALSE
2024-01-23,38.16999816894531,36.86032285472603,39.03667726734428,1150.5171239798544,0,1150.5171239798544,FALSE,FALSE
2024-01-24,37.880001068115234,37.06742839118566,38.943571669849504,1150.5171239798544,0,1150.5171239798544,FALSE,FALSE
2024-01-25,39.279998779296875,37.06590616559227,39.140093590267114,1150.5171239798544,0,1150.5171239798544,FALSE,FALSE
2024-01-26,39.959999084472656,36.97314144618009,39.4928581570914,1150.5171239798544,0,1150.5171239798544,FALSE,FALSE
2024-01-29,40.56999969482422,36.85954552990459,39.939453875002634,1150.5171239798544,0,1150.5171239798544,FALSE,FALSE
2024-01-30,40.31999969482422,36.80375467932888,40.24924481713108,1150.5171239798544,0,1150.5171239798544,FALSE,FALSE
2024-01-31,40.7599983215332,36.64278001357749,40.59021940658852,1150.5171239798544,0,1150.5171239798544,FALSE,FALSE
2024-02-01,41.56999969482422,36.406864435078106,41.120134847758806,1150.5171239798544,0,1150.5171239798544,FALSE,FALSE
2024-02-02,41.029998779296875,36.324123034185796,41.43387600451049,1150.5171239798544,0,1150.5171239798544,FALSE,FALSE
2024-02-05,41.209999084472656,36.28002545223418,41.75597346439179,1150.5171239798544,0,1150.5171239798544,FALSE,FALSE
2024-02-06,41.59000015258789,36.27202134617307,42.112977738299584,1150.5171239798544,0,1150.5171239798544,FALSE,FALSE
2024-02-07,42.20000076293945,36.296663556409136,42.53333560435747,1150.5171239798544,0,1150.5171239798544,FALSE,FALSE
2024-02-08,41.86000061035156,36.377398828555656,42.831600423763675,1150.5171239798544,0,1150.5171239798544,FALSE,FALSE
2024-02-09,41.29999923706055,36.523779360990346,42.99821999814051,1150.5171239798544,0,1150.5171239798544,FALSE,FALSE
2024-02-14,40.9900016784668,36.64968092742492,43.11331841644715,1150.5171239798544,0,1150.5171239798544,FALSE,FALSE
2024-02-15,42.29999923706055,36.80465759963341,43.378341820532604,1150.5171239798544,0,1150.5171239798544,FALSE,FALSE
2024-02-16,42.689998626708984,37.0237879307658,43.640211245259586,1150.5171239798544,0,1150.5171239798544,FALSE,FALSE
2024-02-19,42.900001525878906,37.32831926499736,43.85268010939228,1150.5171239798544,0,1150.5171239798544,FALSE,FALSE
2024-02-20,42.45000076293945,37.800388358832144,43.872611213921765,1150.5171239798544,0,1150.5171239798544,FALSE,FALSE
2024-02-21,42.5099983215332,38.32396387086687,43.83003545774641,1150.5171239798544,0,1150.5171239798544,FALSE,FALSE
2024-02-22,42.189998626708984,38.83357258817724,43.7224267862124,1150.5171239798544,0,1150.5171239798544,FALSE,FALSE
2024-02-23,41.900001525878906,39.58645693909494,43.37154248107108,1150.5171239798544,0,1150.5171239798544,FALSE,FALSE
2024-02-26,42.689998626708984,39.978685587442634,43.32031381746459,1150.5171239798544,0,1150.5171239798544,FALSE,FALSE
2024-02-27,42.630001068115234,40.252730276691,43.31326932658048,1150.5171239798544,0,1150.5171239798544,FALSE,FALSE
2024-02-28,40.43000030517578,40.222495246919394,43.32950441738724,1150.5171239798544,0,1150.5171239798544,FALSE,FALSE
2024-02-29,40.13999938964844,40.17817487221404,43.35582476157502,1172.9030655625731,0,1172.9030655625731,TRUE,FALSE
2024-03-01,40.18000030517578,40.058147596509166,43.417852235644155,1172.9030655625731,0,1172.9030655625731,TRUE,FALSE
2024-03-04,40.08000183105469,39.83488043578565,43.49211960999072,1172.9030655625731,0,1172.9030655625731,TRUE,FALSE
2024-03-05,39.959999084472656,39.652318009528436,43.56768206676551,1172.9030655625731,0,1172.9030655625731,TRUE,FALSE
2024-03-06,40.84000015258789,39.61217451316899,43.570825669936475,1172.9030655625731,0,1172.9030655625731,TRUE,FALSE
2024-03-07,40.38999938964844,39.48405040462182,43.57894970218971,1172.9030655625731,0,1172.9030655625731,TRUE,FALSE
2024-03-08,36.70000076293945,38.34637144742777,44.16662865938375,1172.9030655625731,0,1172.9030655625731,TRUE,FALSE
2024-03-11,35.650001525878906,37.16487193679127,44.727128261572986,1172.9030655625731,0,1172.9030655625731,TRUE,FALSE
2024-03-12,36.81999969482422,36.54157681684517,44.90242342729545,1172.9030655625731,0,1172.9030655625731,TRUE,FALSE
2024-03-13,36.380001068115234,35.90678154570303,45.07621863740244,1172.9030655625731,0,1172.9030655625731,TRUE,FALSE
2024-03-14,36.220001220703125,35.324889053213944,45.05011132825579,1172.9030655625731,0,1172.9030655625731,TRUE,FALSE
2024-03-15,36.31999969482422,34.87117766389794,44.866822824383306,48.9830826524169,28,1065.943074107495,FALSE,FALSE
2024-03-18,36.34000015258789,34.52091362854644,44.561086722405705,48.9830826524169,28,1066.5030869248778,FALSE,FALSE
2024-03-19,36.06999969482422,34.171125268528904,44.27287497561172,48.9830826524169,28,1058.943074107495,FALSE,FALSE
2024-03-20,36.70000076293945,34.00365225628777,43.85934823199347,48.9830826524169,28,1076.5831040147216,FALSE,FALSE
2024-03-21,35.70000076293945,33.72566441637147,43.488336285532824,48.9830826524169,28,1048.5831040147216,FALSE,FALSE
2024-03-22,36.04999923706055,33.558020989199036,43.07097948382342,48.9830826524169,28,1058.3830612901122,FALSE,FALSE
2024-03-25,36.599998474121094,33.649711266249945,42.37028919151373,48.9830826524169,28,1073.7830399278075,FALSE,FALSE
2024-03-26,36.2599983215332,33.824980950002264,41.5580192331032,48.9830826524169,28,1064.2630356553466,FALSE,FALSE
2024-03-27,36.54999923706055,33.81508855309414,41.179911523199806,48.9830826524169,28,1072.3830612901122,FALSE,FALSE
2024-03-28,37.36000061035156,33.88141927367465,40.83558092468961,48.9830826524169,28,1095.0630997422606,FALSE,FALSE
2024-04-01,37.650001525878906,33.99921435494837,40.46478596548619,48.9830826524169,28,1103.1831253770263,FALSE,FALSE
2024-04-02,38.619998931884766,34.12705783363595,40.19094219688163,48.9830826524169,28,1130.3430527451903,FALSE,FALSE
2024-04-03,38.41999816894531,34.26813048493301,39.89586945403184,48.9830826524169,28,1124.7430313828856,FALSE,FALSE
2024-04-04,37.97999954223633,34.66461364537807,39.21338623255161,48.9830826524169,28,1112.423069835034,FALSE,FALSE
2024-04-05,38.099998474121094,35.09011353238892,38.55888625398803,48.9830826524169,28,1115.7830399278075,FALSE,FALSE
2024-04-08,38.630001068115234,35.01844532878508,38.82355448810945,48.9830826524169,28,1130.6231125596435,FALSE,FALSE
2024-04-09,38.72999954223633,35.111263928832784,39.03873568969749,48.9830826524169,28,1133.423069835034,FALSE,FALSE
2024-04-10,39.59000015258789,34.9703837146848,39.456615949621835,74.57486035237471,28,1183.0948646248357,FALSE,TRUE
2024-04-11,39.29999923706055,34.97663215326266,39.7423673279385,74.57486035237471,28,1174.97483899007,FALSE,TRUE
2024-04-12,38.939998626708984,35.078067491827596,39.91293172997416,74.57486035237471,28,1164.8948219002264,FALSE,TRUE
2024-04-15,39.310001373291016,35.1677632772494,40.122236112399044,74.57486035237471,28,1175.2548988045232,FALSE,TRUE
2024-04-16,39.4900016784668,35.27709349186127,40.327906050375056,74.57486035237471,28,1180.294907349445,FALSE,TRUE
2024-04-17,39.779998779296875,35.4538677031614,40.52213174752219,74.57486035237471,28,1188.4148261726873,FALSE,TRUE
2024-04-18,39.849998474121094,35.5601137881083,40.73088543369345,74.57486035237471,28,1190.3748176277654,FALSE,TRUE
2024-04-19,40.529998779296875,35.85875795323254,40.91524107020496,1183.0948646248357,0,1183.0948646248357,FALSE,FALSE
2024-04-22,41.5,36.024955823496065,41.29404327623538,1183.0948646248357,0,1183.0948646248357,FALSE,FALSE
2024-04-23,41.41999816894531,36.18310036176499,41.61789870744888,1183.0948646248357,0,1183.0948646248357,FALSE,FALSE
2024-04-24,41.22999954223633,36.53593360545269,41.762065585831486,1183.0948646248357,0,1183.0948646248357,FALSE,FALSE
2024-04-25,42.220001220703125,36.77884669045769,42.08615269919074,1183.0948646248357,0,1183.0948646248357,FALSE,FALSE
2024-04-26,41.650001525878906,37.00460583125448,42.28939364994669,1183.0948646248357,0,1183.0948646248357,FALSE,FALSE
2024-04-29,42.150001525878906,37.18217655205261,42.56182292914856,1183.0948646248357,0,1183.0948646248357,FALSE,FALSE
2024-04-30,42.02000045776367,37.26192267892296,42.822076954866105,1183.0948646248357,0,1183.0948646248357,FALSE,FALSE
2024-05-02,42.18000030517578,37.40590996748727,43.05408987992484,1183.0948646248357,0,1183.0948646248357,FALSE,FALSE
2024-05-03,39.88999938964844,37.68928618878637,42.96171364336695,1183.0948646248357,0,1183.0948646248357,FALSE,FALSE
2024-05-06,40.15999984741211,37.99496480309897,42.86203516638344,1183.0948646248357,0,1183.0948646248357,FALSE,FALSE
2024-05-07,40.650001525878906,38.23948202129803,42.81951799396076,1183.0948646248357,0,1183.0948646248357,FALSE,FALSE
2024-05-08,41.27000045776367,38.50204092648964,42.81095918032189,1183.0948646248357,0,1183.0948646248357,FALSE,FALSE
2024-05-09,41.66999816894531,38.62125207461192,42.89974783383535,1183.0948646248357,0,1183.0948646248357,FALSE,FALSE
2024-05-10,41.58000183105469,38.81729285848488,42.93170730936179,1183.0948646248357,0,1183.0948646248357,FALSE,FALSE
2024-05-13,41.619998931884766,39.13154190015152,42.88545829821274,1183.0948646248357,0,1183.0948646248357,FALSE,FALSE
2024-05-14,40.869998931884766,39.37609269012493,42.7969072640987,1183.0948646248357,0,1183.0948646248357,FALSE,FALSE
2024-05-15,38.400001525878906,39.07054502321638,42.99345491574846,1195.8204241324922,0,1195.8204241324922,TRUE,FALSE
2024-05-16,37.279998779296875,38.39964943626672,43.41435050269812,1195.8204241324922,0,1195.8204241324922,TRUE,FALSE
2024-05-17,36.689998626708984,37.663530752048636,43.834469202174994,43.82037835612505,30,1144.5203371573946,FALSE,FALSE
2024-05-20,36.75,37.015138363898416,44.10486171239553,43.82037835612505,30,1146.320378356125,FALSE,FALSE
2024-05-21,36.68000030517578,36.42440380746578,44.21359629934574,43.82037835612505,30,1144.2203875113985,FALSE,FALSE
2024-05-22,37.18000030517578,36.01843945822992,44.195560862204644,43.82037835612505,30,1159.2203875113985,FALSE,FALSE
2024-05-23,36.810001373291016,35.591494523109716,44.180505980430326,43.82037835612505,30,1148.1204195548555,FALSE,FALSE
2024-05-24,36.61000061035156,35.225433896351255,43.98556654615363,43.82037835612505,30,1142.120396666672,FALSE,FALSE
2024-05-27,37.0099983215332,34.959769935785616,43.7872301862847,43.82037835612505,30,1154.1203280021211,FALSE,FALSE
2024-05-28,37.79999923706055,34.884562564264726,43.427437328923745,43.82037835612505,30,1177.8203554679415,FALSE,FALSE
2024-05-29,37.75,34.84155909793963,43.043440749472474,43.82037835612505,30,1176.320378356125,FALSE,FALSE
2024-05-31,38.790000915527344,34.950544703561384,42.59545520488589,43.82037835612505,30,1207.5204058219454,FALSE,FALSE
2024-06-03,38.58000183105469,34.91910789561338,42.495892256974514,43.82037835612505,30,1201.2204332877657,FALSE,FALSE
2024-06-04,38.150001525878906,34.87179947058368,42.34220084985088,43.82037835612505,30,1188.3204241324922,FALSE,FALSE
2024-06-05,38.20000076293945,34.866481611847746,42.102518632292885,43.82037835612505,30,1189.8204012443086,FALSE,FALSE
2024-06-06,38.380001068115234,34.95519313268005,41.72480717249573,43.82037835612505,30,1195.220410399582,FALSE,FALSE
2024-06-07,36.939998626708984,35.03634952674269,41.17065082420945,43.82037835612505,30,1152.0203371573946,FALSE,FALSE
2024-06-10,37.5,35.27336629206824,40.525633875778446,43.82037835612505,30,1168.820378356125,FALSE,FALSE
2024-06-11,37.65999984741211,35.70580162983698,39.69719862956244,43.82037835612505,30,1173.6203737784883,FALSE,FALSE
2024-06-12,35.81999969482422,35.890821928745346,39.00717840694801,43.82037835612505,30,1118.4203692008516,FALSE,FALSE
2024-06-13,35.459999084472656,35.58391168175344,39.02008840979929,43.82037835612505,30,1107.6203508903047,FALSE,FALSE
2024-06-14,34.68000030517578,35.108239616892156,39.235760627248474,43.82037835612505,30,1084.2203875113985,FALSE,FALSE
2024-06-17,34.810001373291016,34.777325129020184,39.37867538977865,43.82037835612505,30,1088.1204195548555,FALSE,FALSE
2024-06-18,35.900001525878906,34.68137619905838,39.389624472328336,43.82037835612505,30,1120.8204241324922,FALSE,FALSE
2024-06-19,35.93000030517578,34.59895355418979,39.397047117196934,43.82037835612505,30,1121.7203875113985,FALSE,FALSE
2024-06-20,36.5,34.55697362245549,39.371027018413656,43.82037835612505,30,1138.820378356125,FALSE,FALSE
2024-06-21,36.689998626708984,34.54887051273053,39.36712985348041,43.82037835612505,30,1144.5203371573946,FALSE,FALSE
2024-06-24,37.060001373291016,34.57639105778942,39.38460938471546,43.82037835612505,30,1155.6204195548555,FALSE,FALSE
2024-06-25,37.029998779296875,34.57732619396676,39.38567429431449,43.82037835612505,30,1154.7203417350313,FALSE,FALSE
2024-06-26,37.09000015258789,34.57042073909696,39.32157984073703,43.82037835612505,30,1156.5203829337618,FALSE,FALSE
2024-06-27,37.709999084472656,34.57106578942096,39.31693469886029,43.82037835612505,30,1175.1203508903047,FALSE,FALSE
2024-06-28,38.04999923706055,34.62918432914791,39.18481599128666,43.82037835612505,30,1185.3203554679415,FALSE,FALSE
2024-07-01,38.630001068115234,34.62424751707635,39.19475272706428,43.82037835612505,30,1202.720410399582,FALSE,FALSE
2024-07-02,38.5099983215332,34.59820100241707,39.25679892128899,43.82037835612505,30,1199.1203280021211,FALSE,FALSE
2024-07-03,37.84000015258789,34.61450160891775,39.204498253753144,43.82037835612505,30,1179.0203829337618,FALSE,FALSE
2024-07-04,37.31999969482422,34.652637670223974,39.06036205511783,43.82037835612505,30,1163.4203692008516,FALSE,FALSE
2024-07-05,37.52000045776367,34.66282212303099,39.108177785416274,43.82037835612505,30,1169.4203920890352,FALSE,FALSE
2024-07-08,38.439998626708984,34.62182207798984,39.243177693128324,43.82037835612505,30,1197.0203371573946,FALSE,FALSE
2024-07-09,38.43000030517578,34.588574004920645,39.35342581197389,43.82037835612505,30,1196.7203875113985,FALSE,FALSE
2024-07-10,38.06999969482422,34.716660667279015,39.450339149615516,43.82037835612505,30,1185.9203692008516,FALSE,FALSE
2024-07-11,38.33000183105469,34.92414067981335,39.52985941173938,43.82037835612505,30,1193.7204332877657,FALSE,FALSE
2024-07-12,38.150001525878906,35.38662399706267,39.41437621656037,43.82037835612505,30,1188.3204241324922,FALSE,FALSE
2024-07-15,38.5,35.9059588379032,39.264041238390746,43.82037835612505,30,1198.820378356125,FALSE,FALSE
2024-07-16,38.400001525878906,36.1862937541644,39.23370632212954,43.82037835612505,30,1195.8204241324922,FALSE,FALSE
2024-07-17,38.599998474121094,36.51115931036113,39.17584058282734,43.82037835612505,30,1201.8203325797579,FALSE,FALSE
2024-07-18,38.529998779296875,36.73372769126119,39.15627207985698,43.82037835612505,30,1199.7203417350313,FALSE,FALSE
2024-07-19,38.689998626708984,36.93902550900275,39.15097426211541,43.82037835612505,30,1204.5203371573946,FALSE,FALSE
2024-07-22,37.91999816894531,37.075644032558365,39.100355418125226,43.82037835612505,30,1181.4203234244844,FALSE,FALSE
2024-07-23,37.43000030517578,37.16673284506851,39.049266758202975,43.82037835612505,30,1166.7203875113985,FALSE,FALSE
2024-07-24,37.72999954223633,37.301429754085156,38.97856978815117,43.82037835612505,30,1175.720364623215,FALSE,FALSE
2024-07-25,37.68000030517578,37.2967573193684,38.98024234493824,43.82037835612505,30,1174.2203875113985,FALSE,FALSE
2024-07-26,37.63999938964844,37.24910195956326,38.98689772000216,43.82037835612505,30,1173.0203600455782,FALSE,FALSE
2024-07-29,36.880001068115234,37.04132964895755,39.01967003060788,43.82037835612505,30,1150.220410399582,FALSE,FALSE
2024-07-30,36.650001525878906,36.80655652406644,39.06844347593356,43.82037835612505,30,1143.3204241324922,FALSE,FALSE
2024-07-31,37.40999984741211,36.76233877741943,39.069661192062995,43.82037835612505,30,1166.1203737784883,FALSE,FALSE
2024-08-01,36.84000015258789,36.671695929001345,39.11230408625744,43.82037835612505,30,1149.0203829337618,FALSE,FALSE
2024-08-02,35.72999954223633,36.26488054177787,39.34011938192819,43.82037835612505,30,1115.720364623215,FALSE,FALSE
2024-08-05,35.70000076293945,35.907086788230885,39.423913349098214,43.82037835612505,30,1114.8204012443086,FALSE,FALSE
2024-08-06,36.31999969482422,35.74542615761072,39.374573918683225,43.82037835612505,30,1133.4203692008516,FALSE,FALSE
2024-08-07,36.27000045776367,35.58822478447352,39.35177536811437,43.82037835612505,30,1131.9203920890352,FALSE,FALSE
2024-08-08,36.849998474121094,35.53908473988367,39.25291507701086,43.82037835612505,30,1149.3203325797579,FALSE,FALSE
2024-08-09,36.5099983215332,35.45267390015183,39.175325596308134,43.82037835612505,30,1139.1203280021211,FALSE,FALSE
2024-08-12,37.34000015258789,35.475580198274834,39.03641931344392,43.82037835612505,30,1164.0203829337618,FALSE,FALSE
2024-08-13,37.11000061035156,35.48980410935262,38.8931953108134,43.82037835612505,30,1157.120396666672,FALSE,FALSE
2024-08-14,37.7599983215332,35.550569968047974,38.74842943685925,43.82037835612505,30,1176.6203280021211,FALSE,FALSE
2024-08-15,38.34000015258789,35.57203356456078,38.70796597767554,43.82037835612505,30,1194.0203829337618,FALSE,FALSE
2024-08-16,38.5,35.59831908537755,38.66268059418788,43.82037835612505,30,1198.820378356125,FALSE,FALSE
2024-08-19,38.439998626708984,35.55550962171032,38.757490103631476,43.82037835612505,30,1197.0203371573946,FALSE,FALSE
2024-08-20,38.290000915527344,35.52684387053821,38.87215591583874,43.82037835612505,30,1192.5204058219454,FALSE,FALSE
2024-08-21,38.060001373291016,35.516442471166876,38.91555749831554,43.82037835612505,30,1185.6204195548555,FALSE,FALSE
2024-08-22,37.119998931884766,35.50154099053969,38.87445884161364,43.82037835612505,30,1157.420346312668,FALSE,FALSE
2024-08-23,36.88999938964844,35.47257892107964,38.828420911073685,43.82037835612505,30,1150.5203600455782,FALSE,FALSE
2024-08-26,39.56999969482422,35.31035561366846,39.259644081155756,86.53579477168728,30,1273.6357856164138,FALSE,TRUE
2024-08-27,39.040000915527344,35.3122617675371,39.496737866251955,86.53579477168728,30,1257.7358222375076,FALSE,TRUE
2024-08-28,39.599998474121094,35.21323119488988,39.814768301570076,86.53579477168728,30,1274.53574899532,FALSE,TRUE
2024-08-29,39.33000183105469,35.23012849981468,40.04687116449196,86.53579477168728,30,1266.435849703328,FALSE,TRUE
2024-08-30,39.369998931884766,35.46701309591257,40.17398650735891,86.53579477168728,30,1267.6357627282302,FALSE,TRUE
2024-09-02,39,35.79257007165285,40.17842945532469,86.53579477168728,30,1256.5357947716873,FALSE,TRUE
2024-09-03,38.529998779296875,36.03090470447433,40.161094730950474,86.53579477168728,30,1242.4357581505935,FALSE,TRUE
2024-09-04,38.540000915527344,36.31591553434414,40.103083946857026,86.53579477168728,30,1242.7358222375076,FALSE,TRUE
2024-09-05,38.29999923706055,36.4940888701398,40.069910687355325,86.53579477168728,30,1235.5357718835037,FALSE,TRUE
2024-09-06,37.54999923706055,36.701524243142174,39.96647540590568,86.53579477168728,30,1213.0357718835037,FALSE,TRUE
2024-09-09,37.959999084472656,36.78655091917449,39.94344862306184,86.53579477168728,30,1225.335767305867,FALSE,TRUE
2024-09-10,37.33000183105469,36.82995444429649,39.92204522001015,86.53579477168728,30,1206.435849703328,FALSE,TRUE
2024-09-11,37.290000915527344,36.7562435529819,39.948756370724155,86.53579477168728,30,1205.2358222375076,FALSE,TRUE
2024-09-12,36.869998931884766,36.5568047612653,40.00119504037045,86.53579477168728,30,1192.6357627282302,FALSE,TRUE
2024-09-13,36.70000076293945,36.33901735178171,40.03898252614797,86.53579477168728,30,1187.5358176598709,FALSE,TRUE
2024-09-16,37.209999084472656,36.23372197842646,40.02127794527959,86.53579477168728,30,1202.835767305867,FALSE,TRUE
2024-09-17,37.040000915527344,36.115123151981685,40.01487677172437,86.53579477168728,30,1197.7358222375076,FALSE,TRUE
2024-09-18,36.150001525878906,35.848420672454125,40.090579266510716,86.53579477168728,30,1171.0358405480545,FALSE,TRUE
2024-09-19,36.27000045776367,35.707747530691044,40.14625256086169,86.53579477168728,30,1174.6358085045974,FALSE,TRUE
2024-09-20,36.2599983215332,35.60163478494924,40.189365199791965,86.53579477168728,30,1174.3357444176834,FALSE,FALSE
2024-09-23,36.630001068115234,35.527038982077755,39.96996113999256,86.53579477168728,30,1185.4358268151443,FALSE,FALSE
2024-09-24,36.779998779296875,35.458847183596255,39.81215272485101,86.53579477168728,30,1189.9357581505935,FALSE,FALSE
2024-09-25,37.04999923706055,35.515638666251874,39.50036131848934,86.53579477168728,30,1198.0357718835037,FALSE,FALSE
2024-09-26,36.25,35.47591199096172,39.23208781067402,86.53579477168728,30,1174.0357947716873,FALSE,FALSE
2024-09-27,36.11000061035156,35.48290316814461,38.89909680133781,86.53579477168728,30,1169.8358130822342,FALSE,FALSE
2024-09-30,36.0099983215332,35.47540590327051,38.607593898365224,86.53579477168728,30,1166.8357444176834,FALSE,FALSE
2024-10-01,36.970001220703125,35.55416999932001,38.37283004645636,86.53579477168728,30,1195.635831392781,FALSE,FALSE
2024-10-02,37.47999954223633,35.673059683335445,38.14794022511182,86.53579477168728,30,1210.9357810387771,FALSE,FALSE
2024-10-03,37.939998626708984,35.72811413216175,38.05688571525036,86.53579477168728,30,1224.7357535729568,FALSE,FALSE
2024-10-04,37.84000015258789,35.703653164286976,38.110346774677865,86.53579477168728,30,1221.735799349324,FALSE,FALSE
2024-10-07,38.369998931884766,35.64193615542826,38.2130637682778,110.8370946297205,30,1261.9370625862634,FALSE,TRUE
2024-10-08,37.599998474121094,35.633332169043854,38.248667418968836,110.8370946297205,30,1238.8370488533533,FALSE,TRUE
2024-10-09,37.220001220703125,35.63321701000054,38.241782608529725,110.8370946297205,30,1227.4371312508142,FALSE,TRUE
2024-10-10,37.650001525878906,35.63646634030502,38.316533537624665,110.8370946297205,30,1240.3371404060877,FALSE,TRUE
2024-10-11,37.619998931884766,35.66060634528435,38.38439334953986,110.8370946297205,30,1239.4370625862634,FALSE,TRUE
2024-10-14,37.709999084472656,35.6547494180279,38.44025027679633,110.8370946297205,30,1242.1370671639002,FALSE,TRUE
2024-10-15,37.400001525878906,35.664322517984175,38.4666772378752,110.8370946297205,30,1232.8371404060877,FALSE,TRUE
2024-10-16,37.209999084472656,35.78111028252021,38.45588922919854,110.8370946297205,30,1227.1370671639002,FALSE,TRUE
2024-10-17,36.93000030517578,35.86800031222683,38.43499918423313,110.8370946297205,30,1218.737103784994,FALSE,TRUE
2024-10-18,36.83000183105469,35.95287361170681,38.4071262357053,110.8370946297205,30,1215.737149561361,FALSE,FALSE
2024-10-21,36.25,35.889435793711314,38.432563946889275,110.8370946297205,30,1198.3370946297205,FALSE,FALSE
2024-10-22,36.11000061035156,35.78426738779108,38.47073253591497,110.8370946297205,30,1194.1371129402673,FALSE,FALSE
2024-10-23,35.65999984741211,35.569892869312255,38.54610711542895,110.8370946297205,30,1180.6370900520837,FALSE,FALSE
2024-10-24,35.900001525878906,35.507249563194755,38.573750574134344,110.8370946297205,30,1187.8371404060877,FALSE,FALSE
2024-10-25,36.150001525878906,35.5140130211531,38.57098720772874,110.8370946297205,30,1195.3371404060877,FALSE,FALSE
2024-10-28,36.09000015258789,35.52845935133519,38.56454106065212,110.8370946297205,30,1193.5370992073572,FALSE,FALSE
2024-10-29,36.0099983215332,35.41454021523856,38.58245990683176,110.8370946297205,30,1191.1370442757166,FALSE,FALSE
2024-10-30,35.849998474121094,35.27389240700647,38.56010760825232,110.8370946297205,30,1186.3370488533533,FALSE,FALSE
2024-10-31,35.90999984741211,35.18697365917861,38.444026478150484,110.8370946297205,30,1188.1370900520837,FALSE,FALSE
2024-11-01,35.41999816894531,35.02923746872855,38.35976247023629,110.8370946297205,30,1173.4370396980798,FALSE,FALSE
2024-11-04,35.5,34.99708981359574,38.10491023218062,110.8370946297205,30,1175.8370946297205,FALSE,FALSE
2024-11-05,35.38999938964844,34.886376224516866,37.99462391281223,110.8370946297205,30,1172.5370763191736,FALSE,FALSE
2024-11-06,35.400001525878906,34.775594124738134,37.92340604310854,110.8370946297205,30,1172.8371404060877,FALSE,FALSE
2024-11-07,35.5099983215332,34.74781745812411,37.737182389288,110.8370946297205,30,1176.1370442757166,FALSE,FALSE
2024-11-08,36.18000030517578,34.816018449703634,37.52498153503758,110.8370946297205,30,1196.237103784994,FALSE,FALSE
2024-11-11,36.25,34.93967585655251,37.25532421974144,110.8370946297205,30,1198.3370946297205,FALSE,FALSE
2024-11-12,36.93000030517578,35.00738986192347,37.140610092300165,110.8370946297205,30,1218.737103784994,FALSE,FALSE
2024-11-13,36.880001068115234,35.053310398858,37.061689753729894,110.8370946297205,30,1217.2371266731775,FALSE,FALSE
2024-11-14,37.27000045776367,35.00257610697143,37.14642406087525,110.8370946297205,30,1228.9371083626306,FALSE,FALSE
2024-11-18,38.20000076293945,34.75748709627747,37.52851296475768,144.4283430167776,30,1290.428365904961,FALSE,TRUE
2024-11-19,37.79999923706055,34.6576626399885,37.78333734475271,144.4283430167776,30,1278.428320128594,FALSE,TRUE
2024-11-21,37.90999984741211,34.58466666365984,38.03633324478742,144.4283430167776,30,1281.7283384391408,FALSE,TRUE
2024-11-22,39.41999816894531,34.33371571830776,38.66328402229283,144.4283430167776,30,1327.0282880851369,FALSE,TRUE
2024-11-25,39.18000030517578,34.224230880785626,39.100768737744644,144.4283430167776,30,1319.828352172051,FALSE,TRUE
2024-11-26,39.130001068115234,34.16168224751472,39.46131732523919,144.4283430167776,30,1318.3283750602345,FALSE,TRUE
2024-11-27,38.9900016784668,34.16678757370324,39.74621215163855,144.4283430167776,30,1314.1283933707814,FALSE,TRUE
2024-11-28,38.59000015258789,34.24465110807021,39.92634880037706,144.4283430167776,30,1302.1283475944142,FALSE,TRUE
2024-11-29,38.900001525878906,34.351724411425735,40.12427580219732,144.4283430167776,30,1311.4283887931447,FALSE,TRUE
2024-12-02,39.150001525878906,34.46673507681825,40.333265304651476,144.4283430167776,30,1318.9283887931447,FALSE,TRUE
2024-12-03,39.5,34.68244276657262,40.52555779800258,144.4283430167776,30,1329.4283430167775,FALSE,TRUE
2024-12-04,39.25,34.95400615996782,40.62899440460738,144.4283430167776,30,1321.9283430167775,FALSE,TRUE
2024-12-05,39.63999938964844,35.283578186966224,40.724422377608974,144.4283430167776,30,1333.6283247062306,FALSE,TRUE
2024-12-06,39.029998779296875,35.71096983505886,40.66003045485813,144.4283430167776,30,1315.3283063956837,FALSE,TRUE
2024-12-09,40.040000915527344,36.1372994943854,40.68670105493101,144.4283430167776,30,1345.6283704825978,FALSE,TRUE
2024-12-10,40.189998626708984,36.456264204203734,40.76873617726599,144.4283430167776,30,1350.128301818047,FALSE,TRUE
2024-12-11,40.59000015258789,36.7980432320594,40.86095716466912,144.4283430167776,30,1362.1283475944142,FALSE,TRUE
2024-12-12,38.34000015258789,37.04710016634879,40.75290021512094,144.4283430167776,30,1294.6283475944142,FALSE,TRUE
2024-12-13,38.099998474121094,37.308645431452426,40.61335469061789,144.4283430167776,30,1287.4282972404103,FALSE,TRUE
2024-12-16,37.939998626708984,37.45749648849549,40.53150345046935,144.4283430167776,30,1282.628301818047,FALSE,TRUE
2024-12-17,38.29999923706055,37.47224740612385,40.52675238025311,144.4283430167776,30,1293.428320128594,FALSE,TRUE
2024-12-18,37.310001373291016,37.35845434177782,40.59154565822218,144.4283430167776,30,1263.728384215508,FALSE,TRUE
2024-12-19,37.15999984741211,37.19405659372225,40.68094340627775,144.4283430167776,30,1259.2283384391408,FALSE,TRUE
2024-12-20,36.849998474121094,36.86002142274382,40.75797860777376,144.4283430167776,30,1249.9282972404103,FALSE,FALSE
2024-12-23,36.86000061035156,36.57713494472316,40.808865116312,144.4283430167776,30,1250.2283613273244,FALSE,FALSE
2024-12-26,35.77000045776367,36.06846171628452,40.98153828371548,144.4283430167776,30,1217.5283567496876,FALSE,FALSE
2024-12-27,35.65999984741211,35.61585682556501,41.10114299132952,144.4283430167776,30,1214.2283384391408,FALSE,FALSE
2024-12-30,36.189998626708984,35.34121626025147,41.135783404055175,144.4283430167776,30,1230.128301818047,FALSE,FALSE
2025-01-02,36.77000045776367,35.18366732889275,41.08033222860236,144.4283430167776,30,1247.5283567496876,FALSE,FALSE
2025-01-03,36.380001068115234,34.98974051209737,40.99725899962138,144.4283430167776,30,1235.8283750602345,FALSE,FALSE
2025-01-06,36.209999084472656,34.81294353254052,40.8450558876255,144.4283430167776,30,1230.7283155509572,FALSE,FALSE
2025-01-07,36.97999954223633,34.75148589884605,40.679513475543594,144.4283430167776,30,1253.8283292838673,FALSE,FALSE
2025-01-08,36.68000030517578,34.70892075648578,40.426078709456604,144.4283430167776,30,1244.828352172051,FALSE,FALSE
2025-01-09,36.84000015258789,34.66486835812196,40.25113124514953,144.4283430167776,30,1249.6283475944142,FALSE,FALSE
2025-01-10,36.939998626708984,34.768083078732886,39.83791629565677,144.4283430167776,30,1252.628301818047,FALSE,FALSE
2025-01-13,37.06999969482422,34.98543468202743,39.30856479917374,144.4283430167776,30,1256.528333861504,FALSE,FALSE
2025-01-14,36.81999969482422,35.48175671145587,38.435242723968926,144.4283430167776,30,1249.028333861504,FALSE,FALSE
2025-01-15,37.290000915527344,35.56063183552398,38.251367676194775,144.4283430167776,30,1263.1283704825978,FALSE,FALSE
2025-01-16,37.04999923706055,35.62142413100328,38.08557545700941,144.4283430167776,30,1255.928320128594,FALSE,FALSE
2025-01-17,37.20000076293945,35.67612666692377,37.95687313471198,144.4283430167776,30,1260.428365904961,FALSE,FALSE
2025-01-20,37.290000915527344,35.819989026798986,37.71201094268344,144.4283430167776,30,1263.1283704825978,FALSE,FALSE
2025-01-21,37.29999923706055,35.82062990260706,37.71036985325231,144.4283430167776,30,1263.428320128594,FALSE,FALSE
2025-01-22,37.09000015258789,35.82249773184995,37.701502054527,144.4283430167776,30,1257.1283475944142,FALSE,FALSE
2025-01-23,36.83000183105469,35.82183212335633,37.70016799871398,144.4283430167776,30,1249.3283979484181,FALSE,FALSE
2025-01-24,36.63999938964844,35.81057441990597,37.68942558009403,144.4283430167776,30,1243.6283247062306,FALSE,FALSE
2025-01-27,37.18000030517578,35.9793462271341,37.66165375760711,144.4283430167776,30,1259.828352172051,FALSE,FALSE
2025-01-28,37.130001068115234,36.23389651094402,37.5541035958675,144.4283430167776,30,1258.3283750602345,FALSE,FALSE
2025-01-29,36.900001525878906,36.35367101589919,37.50532938082933,144.4283430167776,30,1251.4283887931447,FALSE,FALSE
2025-01-30,37.38999938964844,36.35629891340781,37.56470137650918,144.4283430167776,30,1266.1283247062306,FALSE,FALSE
2025-01-31,37.689998626708984,36.40395825298505,37.64804179279132,175.2525745461191,30,1305.9525333473887,FALSE,TRUE
2025-02-03,37.5,36.559408147011624,37.621591990317484,175.2525745461191,30,1300.2525745461191,FALSE,TRUE
2025-02-04,37.130001068115234,36.569130012326035,37.62687027759096,175.2525745461191,30,1289.1526065895762,FALSE,TRUE
2025-02-05,36.86000061035156,36.60126940321807,37.612730917216496,175.2525745461191,30,1281.052592856666,FALSE,TRUE
2025-02-06,36.790000915527344,36.5930527399192,37.61594765680931,175.2525745461191,30,1278.9526020119395,FALSE,TRUE
2025-02-07,36.58000183105469,36.52982264224312,37.64317807491997,175.2525745461191,30,1272.6526294777598,FALSE,TRUE
2025-02-10,36.83000183105469,36.50668188990841,37.64231904087772,175.2525745461191,30,1280.1526294777598,FALSE,TRUE
2025-02-11,36.83000183105469,36.50806254893152,37.641938595477654,175.2525745461191,30,1280.1526294777598,FALSE,TRUE
2025-02-12,36.279998779296875,36.36999437703301,37.679006553753126,175.2525745461191,30,1263.6525379250254,FALSE,TRUE
2025-02-13,36.31999969482422,36.2653778647364,37.7106231118261,175.2525745461191,30,1264.8525653908457,FALSE,TRUE
2025-02-14,37.439998626708984,36.25603861736481,37.74396214557464,175.2525745461191,30,1298.4525333473887,FALSE,TRUE
2025-02-17,37.66999816894531,36.228434325056234,37.80956616322502,175.2525745461191,30,1305.3525196144785,FALSE,TRUE
2025-02-18,38.36000061035156,36.093418301456545,38.0505823241538,175.2525745461191,30,1326.052592856666,FALSE,TRUE
2025-02-19,38.439998626708984,35.99336897323633,38.285631499786135,175.2525745461191,30,1328.4525333473887,FALSE,TRUE
2025-02-20,38.5,35.943640147730235,38.50236014218676,175.2525745461191,30,1330.2525745461191,FALSE,TRUE
2025-02-21,38.38999938964844,35.964938376108456,38.656061913808536,1305.9525333473887,0,1305.9525333473887,FALSE,FALSE
2025-02-24,38.119998931884766,35.96848887577069,38.7465112768172,1305.9525333473887,0,1305.9525333473887,FALSE,FALSE
2025-02-25,37.95000076293945,35.99049140581511,38.8065087162552,1305.9525333473887,0,1305.9525333473887,FALSE,FALSE
2025-02-26,37.95000076293945,36.04295391706427,38.859046128712095,1305.9525333473887,0,1305.9525333473887,FALSE,FALSE
2025-02-27,36.61000061035156,35.956932510889324,38.86706765695735,1305.9525333473887,0,1305.9525333473887,FALSE,FALSE
2025-02-28,35.93000030517578,35.739685258474026,38.90831507721933,1305.9525333473887,0,1305.9525333473887,FALSE,FALSE
2025-03-05,34.619998931884766,35.20940654417582,39.15059368470601,1331.351938539675,0,1331.351938539675,TRUE,FALSE
2025-03-06,34.2599983215332,34.69008740156028,39.382912552663356,1331.351938539675,0,1331.351938539675,TRUE,FALSE
2025-03-07,34.630001068115234,34.35440863036739,39.495591369632606,1331.351938539675,0,1331.351938539675,TRUE,FALSE
2025-03-10,34.619998931884766,34.05609921653664,39.57690058509911,1331.351938539675,0,1331.351938539675,TRUE,FALSE
2025-03-11,34.099998474121094,33.68866926103622,39.69633020490617,1331.351938539675,0,1331.351938539675,TRUE,FALSE
2025-03-12,34.099998474121094,33.34836811639652,39.763631013852496,1331.351938539675,0,1331.351938539675,TRUE,FALSE
2025-03-13,34.439998626708984,33.10299450711135,39.7700043027031,1331.351938539675,0,1331.351938539675,TRUE,FALSE
2025-03-14,35.5,33.039422834805585,39.75557609707918,1331.351938539675,0,1331.351938539675,TRUE,FALSE
2025-03-17,36.15999984741211,33.029960423057396,39.74903852408615,1331.351938539675,0,1331.351938539675,TRUE,FALSE
2025-03-18,36.189998626708984,33.00162309557146,39.65237585157209,1331.351938539675,0,1331.351938539675,TRUE,FALSE
2025-03-19,36.15999984741211,32.98344573573443,39.519553379255804,1331.351938539675,0,1331.351938539675,TRUE,FALSE
2025-03-20,36.2400016784668,33.023624704778314,39.26737451702344,1331.351938539675,0,1331.351938539675,TRUE,FALSE
2025-03-21,36.79999923706055,33.105132565662466,39.021866717174454,1331.351938539675,0,1331.351938539675,FALSE,FALSE
2025-03-24,36.75,33.21406906591334,38.737930216923566,1331.351938539675,0,1331.351938539675,FALSE,FALSE
2025-03-25,37.040000915527344,33.325676392264285,38.49132304316052,1331.351938539675,0,1331.351938539675,FALSE,FALSE
2025-03-26,37.38999938964844,33.396829072162845,38.34717040903833,1331.351938539675,0,1331.351938539675,FALSE,FALSE
2025-03-27,37.66999816894531,33.42723268598482,38.28876653581693,1331.351938539675,0,1331.351938539675,FALSE,FALSE
2025-03-28,37.43000030517578,33.48149595877935,38.18250321724604,1331.351938539675,0,1331.351938539675,FALSE,FALSE
2025-03-31,37.15999984741211,33.460853652891274,38.258145446840174,1331.351938539675,0,1331.351938539675,FALSE,FALSE
2025-04-01,37.29999923706055,33.448332791678745,38.40766620124118,1331.351938539675,0,1331.351938539675,FALSE,FALSE
2025-04-02,37.20000076293945,33.594560305245025,38.51943887078036,1331.351938539675,0,1331.351938539675,FALSE,FALSE
2025-04-03,36,33.82276331103532,38.465236032836756,1331.351938539675,0,1331.351938539675,FALSE,FALSE
2025-04-04,34.54999923706055,33.80808977015472,38.471909390611884,1331.351938539675,0,1331.351938539675,FALSE,FALSE
2025-04-07,33.18000030517578,33.47815290644904,38.65784639164666,1353.135443930841,0,1353.135443930841,TRUE,FALSE
2025-04-08,32,32.930125722310244,38.99587372837335,1353.135443930841,0,1353.135443930841,TRUE,FALSE
2025-04-09,33.29999923706055,32.77401829034878,39.07198123662876,1353.135443930841,0,1353.135443930841,TRUE,FALSE
2025-04-10,31.229999542236328,32.05062223612876,39.474377382401514,1353.135443930841,0,1353.135443930841,TRUE,FALSE
2025-04-11,31.850000381469727,31.49434697104309,39.66565268563416,1353.135443930841,0,1353.135443930841,TRUE,FALSE
2025-04-14,31.729999542236328,30.95469115698894,39.762308469170726,1353.135443930841,0,1353.135443930841,TRUE,FALSE
2025-04-15,31,30.325615768694323,39.87238399479445,1353.135443930841,0,1353.135443930841,TRUE,FALSE
2025-04-16,31,29.776006727764916,39.90599305098264,1353.135443930841,0,1353.135443930841,TRUE,FALSE
2025-04-17,30.850000381469727,29.2651066238113,39.87789302523655,25.935431723809643,40,1259.9354469825987,FALSE,FALSE
2025-04-22,30.920000076293945,28.847443416024653,39.707556316946544,25.935431723809643,40,1262.7354347755675,FALSE,FALSE
2025-04-23,30.56999969482422,28.43405777094438,39.502941931509234,25.935431723809643,40,1248.7354195167784,FALSE,FALSE
2025-04-24,30.43000030517578,28.08727913694273,39.188720504475725,25.935431723809643,40,1243.135443930841,FALSE,FALSE
2025-04-25,30.520000457763672,27.866110139732058,38.72288960849792,25.935431723809643,40,1246.7354500343565,FALSE,FALSE
2025-04-28,30.399999618530273,27.755527446481132,38.10647244670735,25.935431723809643,40,1241.9354164650206,FALSE,FALSE
2025-04-29,30.559999465942383,27.751212661853945,37.42378714741119,25.935431723809643,40,1248.335410361505,FALSE,FALSE
2025-04-30,29.989999771118164,27.752010340063862,36.705989461571875,25.935431723809643,40,1225.5354225685362,FALSE,FALSE
2025-05-02,30.809999465942383,28.04678813583155,35.76221168869237,25.935431723809643,40,1258.335410361505,FALSE,FALSE
2025-05-05,29.65999984741211,28.4110091688795,34.643990564091695,25.935431723809643,40,1212.335425620294,FALSE,FALSE
2025-05-06,30.149999618530273,28.837263598072017,33.632736096752204,25.935431723809643,40,1231.9354164650206,FALSE,FALSE
2025-05-07,30.290000915527344,29.138273924193328,32.90572593847757,25.935431723809643,40,1237.5354683449034,FALSE,FALSE
2025-05-08,30.709999084472656,29.29366642328142,32.50333331731916,25.935431723809643,40,1254.335395102716,FALSE,FALSE
2025-05-09,30.90999984741211,29.3205251066959,32.36747461864589,25.935431723809643,40,1262.335425620294,FALSE,FALSE
2025-05-12,31.649999618530273,29.658190822337104,31.864808941151665,25.935431723809643,40,1291.9354164650206,FALSE,FALSE
2025-05-13,32.130001068115234,29.565592400583782,32.04740751549288,42.43805012061034,40,1327.6380928452197,FALSE,TRUE
2025-05-14,31.90999984741211,29.558268801120906,32.060731061549994,42.43805012061034,40,1318.8380440170947,FALSE,TRUE
2025-05-15,31.8700008392334,29.543373189467648,32.089626802902956,42.43805012061034,40,1317.2380836899463,FALSE,TRUE
2025-05-16,32.02000045776367,29.491492723101338,32.24350731504563,42.43805012061034,40,1323.2380684311572,FALSE,FALSE
2025-05-19,31.979999542236328,29.457797875682573,32.37520211668803,42.43805012061034,40,1321.6380318100635,FALSE,FALSE
2025-05-20,32.11000061035156,29.43161752693426,32.52738248832453,42.43805012061034,40,1326.8380745346728,FALSE,FALSE
2025-05-21,31.75,29.43762475625263,32.604375251376766,42.43805012061034,40,1312.4380501206103,FALSE,FALSE
2025-05-22,31.329999923706055,29.484288262121122,32.63371176839645,42.43805012061034,40,1295.6380470688525,FALSE,FALSE
2025-05-23,31.399999618530273,29.55365438447229,32.661345577380736,42.43805012061034,40,1298.4380348618213,FALSE,FALSE
2025-05-26,31.299999237060547,29.614595154103924,32.67840468567879,42.43805012061034,40,1294.4380196030322,FALSE,FALSE
2025-05-27,31.530000686645508,29.70235837220224,32.703641574391995,42.43805012061034,40,1303.6380775864307,FALSE,FALSE
2025-05-28,31.43000030517578,29.77273880665787,32.72026122385971,42.43805012061034,40,1299.6380623276416,FALSE,FALSE
2025-05-29,31.239999771118164,29.95231398750346,32.66568604301412,42.43805012061034,40,1292.038040965337,FALSE,FALSE
2025-05-30,30.899999618530273,29.962880930437215,32.664119115339155,42.43805012061034,40,1278.4380348618213,FALSE,FALSE
2025-06-02,31.079999923706055,30.25840064213238,32.51059941127338,42.43805012061034,40,1285.6380470688525,FALSE,FALSE
2025-06-03,30.18000030517578,30.266421351075834,32.505578770994475,42.43805012061034,40,1249.6380623276416,FALSE,FALSE
2025-06-04,29.350000381469727,29.984955503527907,32.693044565136645,42.43805012061034,40,1216.4380653793994,FALSE,FALSE
2025-06-05,29.360000610351562,29.684247472374114,32.858752748878324,42.43805012061034,40,1216.8380745346728,FALSE,FALSE
2025-06-06,29.670000076293945,29.4801016927756,32.93889855136503,42.43805012061034,40,1229.2380531723682,FALSE,FALSE
2025-06-09,29.170000076293945,29.15614297843381,33.014857311483176,42.43805012061034,40,1209.2380531723682,FALSE,FALSE
2025-06-10,30.049999237060547,29.064363910560218,32.8986361962513,42.43805012061034,40,1244.4380196030322,FALSE,FALSE
2025-06-11,31.049999237060547,29.06859867954278,32.80840136623359,42.43805012061034,40,1284.4380196030322,FALSE,FALSE
2025-06-12,31.75,29.073856733761822,32.79114322809121,42.43805012061034,40,1312.4380501206103,FALSE,FALSE
2025-06-13,32.529998779296875,29.02776085427142,32.888238939734926,42.43805012061034,40,1343.6380012924853,FALSE,FALSE
2025-06-16,32.209999084472656,29.012487482149826,32.92651226608015,42.43805012061034,40,1330.8380134995166,FALSE,FALSE
2025-06-17,32.939998626708984,28.927869146249847,33.09413040361588,42.43805012061034,40,1360.0379951889697,FALSE,FALSE
2025-06-18,32.90999984741211,28.846840185225094,33.291159349381836,42.43805012061034,40,1358.8380440170947,FALSE,FALSE
2025-06-20,32.81999969482422,28.795017661409748,33.491981850309,42.43805012061034,40,1355.238037913579,FALSE,FALSE
2025-06-23,32,28.797509825226545,33.54948972463917,42.43805012061034,40,1322.4380501206103,FALSE,FALSE
2025-06-24,31.3700008392334,28.80006877700561,33.553930933077396,42.43805012061034,40,1297.2380836899463,FALSE,FALSE
2025-06-25,31.209999084472656,28.789486921945358,33.53251262792037,42.43805012061034,40,1290.8380134995166,FALSE,FALSE
2025-06-26,31.459999084472656,28.790270367273692,33.53472906052172,42.43805012061034,40,1300.8380134995166,FALSE,FALSE
2025-06-27,31.209999084472656,28.788930317417815,33.53306904171304,42.43805012061034,40,1290.8380134995166,FALSE,FALSE
2025-06-30,31.3799991607666,28.814266223451334,33.55573308990316,42.43805012061034,40,1297.6380165512744,FALSE,FALSE
2025-07-01,31.489999771118164,28.831663926458077,33.579335371637626,42.43805012061034,40,1302.038040965337,FALSE,FALSE
2025-07-02,32.04999923706055,28.94688709668182,33.65111209460236,42.43805012061034,40,1324.4380196030322,FALSE,FALSE
2025-07-03,32.15999984741211,29.23904122188515,33.639957915993264,42.43805012061034,40,1328.8380440170947,FALSE,FALSE
2025-07-04,32.119998931884766,29.579101696133073,33.57589727389867,42.43805012061034,40,1327.238007396001,FALSE,FALSE
2025-07-07,32.060001373291016,29.892748049603604,33.50125105012784,42.43805012061034,40,1324.838105052251,FALSE,FALSE
2025-07-08,32.52000045776367,30.449784303723842,33.27921483415458,42.43805012061034,40,1343.2380684311572,FALSE,FALSE
2025-07-09,32.31999969482422,30.823484956619325,33.13251422703546,42.43805012061034,40,1335.238037913579,FALSE,FALSE
2025-07-10,32.2400016784668,30.96035762865765,33.11464179913776,42.43805012061034,40,1332.0381172592822,FALSE,FALSE
2025-07-11,32.630001068115234,30.98324141570849,33.17975811889845,42.43805012061034,40,1347.6380928452197,FALSE,FALSE
2025-07-14,32.20000076293945,30.984416392439442,33.14558334053174,42.43805012061034,40,1330.4380806381885,FALSE,FALSE
2025-07-15,31.950000762939453,30.972451592423262,33.131548308394606,42.43805012061034,40,1320.4380806381885,FALSE,FALSE
2025-07-16,31.790000915527344,30.990398437072077,32.99860169262763,42.43805012061034,40,1314.038086741704,FALSE,FALSE
2025-07-17,31.469999313354492,30.987151813786305,32.85784826250764,42.43805012061034,40,1301.23802265479,FALSE,FALSE
2025-07-18,30.989999771118164,30.906771971374322,32.75522811254902,42.43805012061034,40,1282.038040965337,FALSE,FALSE
2025-07-21,31.049999237060547,30.802963025290378,32.76403698233902,42.43805012061034,40,1284.4380196030322,FALSE,FALSE
2025-07-22,31.350000381469727,30.800238896100662,32.76476106575237,42.43805012061034,40,1296.4380653793994,FALSE,FALSE
2025-07-23,31.989999771118164,30.8718618708325,32.77113815968508,42.43805012061034,40,1322.038040965337,FALSE,FALSE
2025-07-24,31.940000534057617,30.9094549598555,32.781545215620575,42.43805012061034,40,1320.038071482915,FALSE,FALSE
2025-07-25,31.979999542236328,30.99344006772912,32.77456015352332,42.43805012061034,40,1321.6380318100635,FALSE,FALSE
2025-07-28,32.02000045776367,31.0546657451903,32.77733460576185,42.43805012061034,40,1323.2380684311572,FALSE,FALSE
2025-07-29,32.439998626708984,31.09661394982532,32.830386286685915,42.43805012061034,40,1340.0379951889697,FALSE,FALSE
2025-07-30,32.77000045776367,31.064139419234984,32.93486093934656,42.43805012061034,40,1353.2380684311572,FALSE,FALSE
2025-07-31,32.63999938964844,31.049081573427586,32.997918739377596,42.43805012061034,40,1348.0380257065478,FALSE,FALSE
2025-08-01,32.209999084472656,31.051012681065743,33.00498764699822,42.43805012061034,40,1330.8380134995166,FALSE,FALSE
2025-08-04,32.15999984741211,31.054386521140824,33.01161365433525,42.43805012061034,40,1328.8380440170947,FALSE,FALSE
2025-08-05,32.310001373291016,31.060650048037513,32.984350218991295,42.43805012061034,40,1334.838105052251,FALSE,FALSE
2025-08-06,32.349998474121094,31.060207344508946,32.98779280044955,42.43805012061034,40,1336.437989085454,FALSE,FALSE
2025-08-07,32.529998779296875,31.05364915770539,33.02335069733612,42.43805012061034,40,1343.6380012924853,FALSE,FALSE
2025-08-08,30.530000686645508,30.788523797402366,33.07847601949217,42.43805012061034,40,1263.6380775864307,FALSE,FALSE
2025-08-11,30.719999313354492,30.60675147746785,33.11224819446819,42.43805012061034,40,1271.23802265479,FALSE,FALSE
2025-08-12,30.799999237060547,30.468199311747117,33.13580020760103,42.43805012061034,40,1274.4380196030322,FALSE,FALSE
2025-08-13,30.56999969482422,30.303058238561068,33.17894115871676,42.43805012061034,40,1265.238037913579,FALSE,FALSE
2025-08-14,30.18000030517578,30.08788706802332,33.26511242843664,42.43805012061034,40,1249.6380623276416,FALSE,FALSE
2025-08-15,30.170000076293945,29.93944019457262,33.33155933240492,42.43805012061034,40,1249.2380531723682,FALSE,FALSE
2025-08-18,30.360000610351562,29.832193871934777,33.369805792371864,42.43805012061034,40,1256.8380745346728,FALSE,FALSE
2025-08-19,30.040000915527344,29.64175834598024,33.42924137173217,42.43805012061034,40,1244.038086741704,FALSE,FALSE
2025-08-20,30.219999313354492,29.482382263925373,33.41161740801066,42.43805012061034,40,1251.23802265479,FALSE,FALSE
2025-08-21,30.290000915527344,29.351637072911522,33.37736263717149,42.43805012061034,40,1254.038086741704,FALSE,FALSE
2025-08-22,30.469999313354492,29.260928384402717,33.31707130279211,42.43805012061034,40,1261.23802265479,FALSE,FALSE
2025-08-25,30.649999618530273,29.2032995888284,33.237700014443085,42.43805012061034,40,1268.4380348618213,FALSE,FALSE
2025-08-26,30.43000030517578,29.1562692064857,33.08373056463246,42.43805012061034,40,1259.6380623276416,FALSE,FALSE
2025-08-27,30.65999984741211,29.195286623025773,32.833713087057234,42.43805012061034,40,1268.8380440170947,FALSE,FALSE
2025-08-28,30.93000030517578,29.269700620327406,32.58829918130834,42.43805012061034,40,1279.6380623276416,FALSE,FALSE
2025-08-29,31.100000381469727,29.318312008473715,32.428687922861734,42.43805012061034,40,1286.4380653793994,FALSE,FALSE
2025-09-01,31.170000076293945,29.376459075890804,32.271540878332836,42.43805012061034,40,1289.2380531723682,FALSE,FALSE
2025-09-02,31.329999923706055,29.47294852638468,32.07705128288046,42.43805012061034,40,1295.6380470688525,FALSE,FALSE
2025-09-03,31.059999465942383,29.615594630281244,31.80540527816602,42.43805012061034,40,1284.8380287583057,FALSE,FALSE
2025-09-04,31.059999465942383,29.90247737118153,31.371522605930284,42.43805012061034,40,1284.8380287583057,FALSE,FALSE
2025-09-05,30.59000015258789,29.906760912927158,31.3732390107789,42.43805012061034,40,1266.038056224126,FALSE,FALSE
2025-09-08,30.709999084472656,29.906466186514454,31.37253371430342,42.43805012061034,40,1270.8380134995166,FALSE,FALSE
2025-09-09,30.950000762939453,29.9045421887451,31.38945786466066,42.43805012061034,40,1280.4380806381885,FALSE,FALSE
2025-09-10,31.510000228881836,29.863231920486022,31.524768186325502,42.43805012061034,40,1302.8380592758838,FALSE,FALSE
2025-09-11,31.389999389648438,29.90622023078413,31.602779784474663,42.43805012061034,40,1298.0380257065478,FALSE,FALSE
2025-09-12,31.18000030517578,29.98204215752927,31.6279578806177,42.43805012061034,40,1289.6380623276416,FALSE,FALSE
2025-09-15,31.450000762939453,30.01749115755959,31.701508895846175,42.43805012061034,40,1300.4380806381885,FALSE,FALSE
2025-09-16,31.530000686645508,30.13251613464119,31.73548389587639,42.43805012061034,40,1303.6380775864307,FALSE,FALSE
2025-09-17,31.719999313354492,30.208078052925835,31.809921977591742,42.43805012061034,40,1311.23802265479,FALSE,FALSE
2025-09-18,31.40999984741211,30.318206653321468,31.811793270384584,42.43805012061034,40,1298.8380440170947,FALSE,FALSE
2025-09-19,31.059999465942383,30.39921650893118,31.789783430033662,42.43805012061034,40,1284.8380287583057,FALSE,FALSE
2025-09-22,31.3700008392334,30.456779683203234,31.80422037783192,42.43805012061034,40,1297.2380836899463,FALSE,FALSE
2025-09-23,31.899999618530273,30.531262248825836,31.87673774354477,76.16752747769598,40,1352.167512218907,FALSE,TRUE
2025-09-24,32.619998931884766,30.432526847076634,32.17147305374124,76.16752747769598,40,1380.9674847530866,FALSE,TRUE
2025-09-25,32.36000061035156,30.408237928308253,32.3387620030272,76.16752747769598,40,1370.5675518917585,FALSE,TRUE
2025-09-26,32.25,30.402799641660046,32.45920025152843,76.16752747769598,40,1366.167527477696,FALSE,TRUE
2025-09-29,31.809999465942383,30.429460455991496,32.49653937616183,76.16752747769598,40,1348.5675061153913,FALSE,TRUE
2025-09-30,31.459999084472656,30.437754353582395,32.50124539464759,76.16752747769598,40,1334.5674908566023,FALSE,TRUE
2025-10-01,31.3799991607666,30.46985288289877,32.50114683481363,76.16752747769598,40,1331.36749390836,FALSE,TRUE
2025-10-02,31.079999923706055,30.472492632166873,32.5005071313219,76.16752747769598,40,1319.3675244259382,FALSE,TRUE
2025-10-03,31,30.55142477107028,32.4625749771597,76.16752747769598,40,1316.167527477696,FALSE,TRUE
2025-10-06,30.719999313354492,30.55358442688232,32.46141534423584,76.16752747769598,40,1304.9675000118757,FALSE,TRUE
2025-10-07,30.829999923706055,30.532247097608952,32.47075258958587,76.16752747769598,40,1309.3675244259382,FALSE,TRUE
2025-10-08,30.649999618530273,30.420689160573318,32.49631046558635,76.16752747769598,40,1302.167512218907,FALSE,TRUE
2025-10-09,30.209999084472656,30.22734823103528,32.57165136460681,76.16752747769598,40,1284.5674908566023,FALSE,TRUE
2025-10-10,29.940000534057617,30.00522546967682,32.66977414885345,76.16752747769598,40,1273.7675488400007,FALSE,TRUE
2025-10-13,30.229999542236328,29.86127857769918,32.69172091876078,76.16752747769598,40,1285.3675091671491,FALSE,TRUE
2025-10-14,30.020000457763672,29.690054501895066,32.711944971676715,76.16752747769598,40,1276.967545788243,FALSE,TRUE
2025-10-15,29.75,29.486531186947055,32.718468355289275,76.16752747769598,40,1266.167527477696,FALSE,TRUE
2025-10-16,29.450000762939453,29.243767629439887,32.76523200434917,76.16752747769598,40,1254.1675579952741,FALSE,TRUE
2025-10-17,29.729999542236328,29.092263386171485,32.78373625524698,76.16752747769598,40,1265.3675091671491,FALSE,FALSE
2025-10-20,29.75,28.952940247800903,32.76105930969421,76.16752747769598,40,1266.167527477696,FALSE,FALSE
2025-10-21,29.510000228881836,28.810420788863034,32.66457882966724,76.16752747769598,40,1256.5675366329694,FALSE,FALSE
2025-10-22,29.850000381469727,28.842390907408998,32.35560885607977,76.16752747769598,40,1270.167542736485,FALSE,FALSE
2025-10-23,30.190000534057617,28.924671833266064,32.056327922593304,76.16752747769598,40,1283.7675488400007,FALSE,FALSE
2025-10-24,29.84000015258789,29.006475659360408,31.733524111757756,76.16752747769598,40,1269.7675335812116,FALSE,FALSE
2025-10-27,30,29.079875988056752,31.47912383646717,76.16752747769598,40,1276.167527477696,FALSE,FALSE
2025-10-28,29.989999771118164,29.131041813949388,31.280958079239092,76.16752747769598,40,1275.7675183224226,FALSE,FALSE
2025-10-29,30.020000457763672,29.206172048131553,31.06982797475663,76.16752747769598,40,1276.967545788243,FALSE,FALSE
2025-10-30,29.889999389648438,29.248457554956733,30.908542414525687,76.16752747769598,40,1271.7675030636335,FALSE,FALSE
2025-10-31,29.75,29.291365299114638,30.740634670367783,76.16752747769598,40,1266.167527477696,FALSE,FALSE
2025-11-03,30.100000381469727,29.33420080393548,30.63579927235846,76.16752747769598,40,1280.167542736485,FALSE,FALSE
2025-11-04,30.25,29.41617073674314,30.495829347180198,76.16752747769598,40,1286.167527477696,FALSE,FALSE
2025-11-05,30.850000381469727,29.370570894836725,30.56142926538056,97.11200671226666,40,1331.1120219710558,FALSE,TRUE
2025-11-06,31.010000228881836,29.26154325095852,30.750457023699685,97.11200671226666,40,1337.5120158675402,FALSE,TRUE
2025-11-07,32.18000030517578,28.91449515192289,31.321505099847133,97.11200671226666,40,1384.312018919298,FALSE,TRUE
2025-11-10,32.36000061035156,28.67341680388283,31.775583554698713,97.11200671226666,40,1391.5120311263292,FALSE,TRUE
2025-11-11,33.20000076293945,28.36679686101349,32.40020352808563,97.11200671226666,40,1425.1120372298449,FALSE,TRUE
2025-11-12,32.349998474121094,28.34724736009144,32.679752876419784,97.11200671226666,40,1391.1119456771105,FALSE,TRUE
2025-11-13,32.4900016784668,28.394962680452007,32.936037647611954,97.11200671226666,40,1396.7120738509386,FALSE,TRUE
2025-11-14,32.70000076293945,28.42236111212663,33.20563933800765,97.11200671226666,40,1405.1120372298449,FALSE,TRUE
2025-11-17,32.880001068115234,28.470656047207815,33.47034450973799,97.11200671226666,40,1412.3120494368761,FALSE,TRUE
2025-11-18,32.9900016784668,28.591623115039194,33.6973775868651,97.11200671226666,40,1416.7120738509386,FALSE,TRUE
2025-11-19,32.81999969482422,28.713216062366342,33.87278457087341,97.11200671226666,40,1409.9119945052355,FALSE,TRUE
2025-11-21,32.56999969482422,28.827146968034725,33.996853581281684,1331.1120219710558,0,1331.1120219710558,FALSE,FALSE
2025-11-24,32.540000915527344,29.02335081496162,34.07064981064873,1331.1120219710558,0,1331.1120219710558,FALSE,FALSE
2025-11-25,32.279998779296875,29.22263231389804,34.099368189642,1331.1120219710558,0,1331.1120219710558,FALSE,FALSE
2025-11-26,32.22999954223633,29.44883033949285,34.097170141159005,1331.1120219710558,0,1331.1120219710558,FALSE,FALSE
2025-11-27,32.400001525878906,29.699023743017914,34.084976844445464,1331.1120219710558,0,1331.1120219710558,FALSE,FALSE
2025-11-28,31.790000915527344,29.993630021937285,33.98037071811398,1331.1120219710558,0,1331.1120219710558,FALSE,FALSE
2025-12-01,31.850000381469727,30.379591268330948,33.80440950986729,1331.1120219710558,0,1331.1120219710558,FALSE,FALSE
2025-12-02,32.06999969482422,30.7413557712368,33.63964493829689,1331.1120219710558,0,1331.1120219710558,FALSE,FALSE
2025-12-03,32.310001373291016,31.150114337845924,33.43688650901687,1331.1120219710558,0,1331.1120219710558,FALSE,FALSE
2025-12-04,32.52000045776367,31.44267461841703,33.31132623607516,1331.1120219710558,0,1331.1120219710558,FALSE,FALSE
2025-12-05,31.3700008392334,31.557898051701237,33.23210286382611,1351.2690805727898,0,1351.2690805727898,TRUE,FALSE
2025-12-08,31.65999984741211,31.476343389983306,33.26165747976767,1351.2690805727898,0,1351.2690805727898,TRUE,FALSE
2025-12-09,31.860000610351562,31.424143617375925,33.263857252375054,1351.2690805727898,0,1351.2690805727898,TRUE,FALSE
2025-12-10,31.940000534057617,31.43462200299781,33.12737884386498,1351.2690805727898,0,1351.2690805727898,TRUE,FALSE
2025-12-11,31.40999984741211,31.3075574496595,33.16044353453239,1351.2690805727898,0,1351.2690805727898,TRUE,FALSE
2025-12-12,31.59000015258789,31.22981500651676,33.14818582508724,1351.2690805727898,0,1351.2690805727898,TRUE,FALSE
2025-12-15,31.700000762939453,31.187351052574815,33.09064977902919,1351.2690805727898,0,1351.2690805727898,TRUE,FALSE
2025-12-16,30.739999771118164,30.96360687360466,33.10039382829963,1351.2690805727898,0,1351.2690805727898,TRUE,FALSE
2025-12-17,31.079999923706055,30.886409215067264,32.98659131136096,1351.2690805727898,0,1351.2690805727898,TRUE,FALSE
2025-12-18,30.899999618530273,30.78003824941349,32.90096226938533,1351.2690805727898,0,1351.2690805727898,TRUE,FALSE
2025-12-19,31.010000228881836,30.69866013543731,32.82634043676728,33.729045324987055,42,1336.1490549380242,FALSE,FALSE
2025-12-22,31.100000381469727,30.652280807760025,32.728719711038806,33.729045324987055,42,1339.9290613467156,FALSE,FALSE
2025-12-23,30.309999465942383,30.429784546130985,32.75421604133239,33.729045324987055,42,1306.7490228945671,FALSE,FALSE
2025-12-26,30.40999984741211,30.269887861697015,32.73211275628394,33.729045324987055,42,1310.9490389162956,FALSE,FALSE
2025-12-29,30.729999542236328,30.215420099956713,32.61958031965999,33.729045324987055,42,1324.3890260989128,FALSE,FALSE
2025-12-30,30.81999969482422,30.152761033817463,32.58523926372892,33.729045324987055,42,1328.1690325076042,FALSE,FALSE
2026-01-02,30.709999084472656,30.08447175799527,32.539528409851414,33.729045324987055,42,1323.5490068728386,FALSE,FALSE
2026-01-05,30.200000762939453,29.951909182501215,32.48509109215699,33.729045324987055,42,1302.129077368444,FALSE,FALSE
2026-01-06,29.639999389648438,29.745962520603243,32.4240375556907,33.729045324987055,42,1278.6090196902214,FALSE,FALSE
2026-01-07,29.829999923706055,29.676207948670925,32.224792074217255,33.729045324987055,42,1286.5890421206414,FALSE,FALSE
2026-01-08,30.200000762939453,29.592929226278574,32.19107078898022,33.729045324987055,42,1302.129077368444,FALSE,FALSE
2026-01-09,30.299999237060547,29.550729734764406,32.09727021945923,33.729045324987055,42,1306.32901328153,FALSE,FALSE
2026-01-12,30.360000610351562,29.55438006680411,31.94361988741952,33.729045324987055,42,1308.8490709597527,FALSE,FALSE
2026-01-13,31.139999389648438,29.62844619397821,31.789553645804506,33.729045324987055,42,1341.6090196902214,FALSE,FALSE
2026-01-14,31.989999771118164,29.557261037424148,31.918738794729173,43.72493315208518,42,1387.304923539048,FALSE,TRUE
2026-01-15,31.790000915527344,29.535603716817793,31.960396191629474,43.72493315208518,42,1378.9049716042337,FALSE,TRUE
2026-01-16,32.040000915527344,29.491681139137732,32.038318784568325,1387.304923539048,0,1387.304923539048,FALSE,FALSE
2026-01-19,32.16999816894531,29.42385312456043,32.24914663892834,1387.304923539048,0,1387.304923539048,FALSE,FALSE
2026-01-20,32.290000915527344,29.350518624130345,32.443481238540556,1387.304923539048,0,1387.304923539048,FALSE,FALSE
2026-01-21,33.43000030517578,29.123286351901907,32.92371357943354,1387.304923539048,0,1387.304923539048,FALSE,FALSE
2026-01-22,33.58000183105469,28.94930474125602,33.354695350296716,1387.304923539048,0,1387.304923539048,FALSE,FALSE
2026-01-23,35.040000915527344,28.570619263070377,34.12738088188812,1387.304923539048,0,1387.304923539048,FALSE,FALSE
2026-01-26,35.36000061035156,28.366365601215342,34.836634658184074,1387.304923539048,0,1387.304923539048,FALSE,FALSE
2026-01-27,36.130001068115234,28.151668175901875,35.62333220556785,1387.304923539048,0,1387.304923539048,FALSE,FALSE
2026-01-28,37.34000015258789,27.836503972377045,36.59949647012783,1387.304923539048,0,1387.304923539048,FALSE,FALSE
2026-01-29,37.70000076293945,27.628061672955795,37.49593887636061,1387.304923539048,0,1387.304923539048,FALSE,FALSE
2026-01-30,37.7599983215332,27.56991603469374,38.25908443832872,1387.304923539048,0,1387.304923539048,FALSE,FALSE
2026-02-02,37.2400016784668,27.758573700725485,38.774426863849705,1387.304923539048,0,1387.304923539048,FALSE,FALSE
2026-02-03,37.58000183105469,28.1139259866603,39.213074822055525,1387.304923539048,0,1387.304923539048,FALSE,FALSE
2026-02-04,37.52000045776367,28.548746983475578,39.547253878646,1387.304923539048,0,1387.304923539048,FALSE,FALSE
2026-02-05,37,29.04376718445737,39.73223360137027,1387.304923539048,0,1387.304923539048,FALSE,FALSE
2026-02-06,36.650001525878906,29.622333932202565,39.788667082506905,1387.304923539048,0,1387.304923539048,FALSE,FALSE
2026-02-09,37.31999969482422,30.263446820180345,39.843554102976384,1387.304923539048,0,1387.304923539048,FALSE,FALSE
2026-02-10,37.349998474121094,30.83071733424818,39.89728349735583,1387.304923539048,0,1387.304923539048,FALSE,FALSE
2026-02-11,38.08000183105469,31.26641795323201,40.07058308436565,1387.304923539048,0,1387.304923539048,FALSE,FALSE
2026-02-12,37.11000061035156,31.87219332475457,39.9968076823255,1387.304923539048,0,1387.304923539048,FALSE,FALSE
2026-02-13,36.88999938964844,32.51417570049669,39.83982515399549,1387.304923539048,0,1387.304923539048,FALSE,FALSE
2026-02-18,37.189998626708984,33.240791548329305,39.61520935193925,1387.304923539048,0,1387.304923539048,FALSE,FALSE
2026-02-19,37.810001373291016,34.09421622641365,39.31378471963127,1387.304923539048,0,1387.304923539048,FALSE,FALSE
2026-02-20,37.970001220703125,34.744314924221676,39.117686113375974,1387.304923539048,0,1387.304923539048,FALSE,FALSE
2026-02-23,38.59000015258789,35.49769208068449,38.86530878906649,1387.304923539048,0,1387.304923539048,FALSE,FALSE
2026-02-24,39.56999969482422,35.71868590077128,39.097314846909384,1387.304923539048,0,1387.304923539048,FALSE,FALSE
2026-02-25,39.56999969482422,35.9534087172074,39.28359193892053,1387.304923539048,0,1387.304923539048,FALSE,FALSE
2026-02-26,39.61000061035156,36.06001227638539,39.524988333966164,1387.304923539048,0,1387.304923539048,FALSE,FALSE
2026-02-27,39.33000183105469,36.04978850826224,39.73421226993601,1387.304923539048,0,1387.304923539048,FALSE,FALSE
2026-03-02,41.130001068115234,35.747112591159485,40.379888217556335,1387.304923539048,0,1387.304923539048,FALSE,FALSE
2026-03-03,40.95000076293945,35.593961632357825,40.85203942049862,1387.304923539048,0,1387.304923539048,FALSE,FALSE
2026-03-04,40.5,35.62027131811807,41.15172956689169,1387.304923539048,0,1387.304923539048,FALSE,FALSE
2026-03-05,40.689998626708984,35.6287195553837,41.454281009191504,1387.304923539048,0,1387.304923539048,FALSE,FALSE
2026-03-06,42.15999984741211,35.50562463266756,42.04137587087247,1387.304923539048,0,1387.304923539048,FALSE,FALSE
2026-03-09,43.15999984741211,35.404712217529486,42.75828827075177,1387.304923539048,0,1387.304923539048,FALSE,FALSE
2026-03-10,42.93000030517578,35.534912185594315,43.25608818061662,1387.304923539048,0,1387.304923539048,FALSE,FALSE
2026-03-11,44.79999923706055,35.373500011846296,44.16550030858827,1387.304923539048,0,1387.304923539048,FALSE,FALSE
2026-03-12,45,35.35195647587662,44.952043997145836,1387.304923539048,0,1387.304923539048,FALSE,FALSE
2026-03-13,44.66999816894531,35.399181175991046,45.563818930820474,1387.304923539048,0,1387.304923539048,FALSE,FALSE
2026-03-16,45.86000061035156,35.57329223113973,46.26470787567179,1387.304923539048,0,1387.304923539048,FALSE,FALSE
2026-03-17,46.380001068115234,35.88043130506486,46.90656896959334,1387.304923539048,0,1387.304923539048,FALSE,FALSE
2026-03-18,47,36.21088379330544,47.55711661868186,1387.304923539048,0,1387.304923539048,FALSE,FALSE
2026-03-19,46.779998779296875,36.600632282506325,48.06436787008157,1387.304923539048,0,1387.304923539048,FALSE,FALSE
2026-03-20,45.66999816894531,37.178284426353166,48.25671542105895,1387.304923539048,0,1387.304923539048,FALSE,FALSE
2026-03-23,46.029998779296875,37.71207934033354,48.46692036974947,1387.304923539048,0,1387.304923539048,FALSE,FALSE
2026-03-24,47.27000045776367,38.057702679259606,48.89129710711735,1387.304923539048,0,1387.304923539048,FALSE,FALSE
2026-03-25,47.5,38.494686220555785,49.24731359633875,1387.304923539048,0,1387.304923539048,FALSE,FALSE
2026-03-26,48.02000045776367,38.99913880162539,49.583861000010344,1387.304923539048,0,1387.304923539048,FALSE,FALSE
2026-03-27,49.40999984741211,39.56964694056585,50.02135266270563,1387.304923539048,0,1387.304923539048,FALSE,FALSE
2026-03-30,49.66999816894531,39.87037920827335,50.57462010508114,1387.304923539048,0,1387.304923539048,FALSE,FALSE
2026-03-31,48.66999816894531,40.4340034612958,50.782995592659276,1387.304923539048,0,1387.304923539048,FALSE,FALSE
2026-04-01,47.369998931884766,41.293173094773515,50.610825852370034,1387.304923539048,0,1387.304923539048,FALSE,FALSE
2026-04-02,48.150001525878906,42.25355530267102,50.396443934389524,1387.304923539048,0,1387.304923539048,FALSE,FALSE
