date,value,daily_rate,cdi_value,source
2023-01-02,0.03962901489071857,3.962901489071857e-4,1000.3962901489072,proxy_fixed_annual_rate
2023-01-03,0.03962901489071857,3.962901489071857e-4,1000.7927373436964,proxy_fixed_annual_rate
2023-01-04,0.03962901489071857,3.962901489071857e-4,1001.1893416466036,proxy_fixed_annual_rate
2023-01-05,0.03962901489071857,3.962901489071857e-4,1001.5861031198891,proxy_fixed_annual_rate
2023-01-06,0.03962901489071857,3.962901489071857e-4,1001.9830218258379,proxy_fixed_annual_rate
2023-01-09,0.03962901489071857,3.962901489071857e-4,1002.3800978267597,proxy_fixed_annual_rate
2023-01-10,0.03962901489071857,3.962901489071857e-4,1002.7773311849891,proxy_fixed_annual_rate
2023-01-11,0.03962901489071857,3.962901489071857e-4,1003.1747219628851,proxy_fixed_annual_rate
2023-01-12,0.03962901489071857,3.962901489071857e-4,1003.5722702228315,proxy_fixed_annual_rate
2023-01-13,0.03962901489071857,3.962901489071857e-4,1003.9699760272374,proxy_fixed_annual_rate
2023-01-16,0.03962901489071857,3.962901489071857e-4,1004.3678394385356,proxy_fixed_annual_rate
2023-01-17,0.03962901489071857,3.962901489071857e-4,1004.7658605191842,proxy_fixed_annual_rate
2023-01-18,0.03962901489071857,3.962901489071857e-4,1005.1640393316663,proxy_fixed_annual_rate
2023-01-19,0.03962901489071857,3.962901489071857e-4,1005.562375938489,proxy_fixed_annual_rate
2023-01-20,0.03962901489071857,3.962901489071857e-4,1005.9608704021852,proxy_fixed_annual_rate
2023-01-23,0.03962901489071857,3.962901489071857e-4,1006.3595227853117,proxy_fixed_annual_rate
2023-01-24,0.03962901489071857,3.962901489071857e-4,1006.7583331504507,proxy_fixed_annual_rate
2023-01-25,0.03962901489071857,3.962901489071857e-4,1007.1573015602082,proxy_fixed_annual_rate
2023-01-26,0.03962901489071857,3.962901489071857e-4,1007.5564280772164,proxy_fixed_annual_rate
2023-01-27,0.03962901489071857,3.962901489071857e-4,1007.9557127641317,proxy_fixed_annual_rate
2023-01-30,0.03962901489071857,3.962901489071857e-4,1008.3551556836347,proxy_fixed_annual_rate
2023-01-31,0.03962901489071857,3.962901489071857e-4,1008.7547568984321,proxy_fixed_annual_rate
2023-02-01,0.03962901489071857,3.962901489071857e-4,1009.154516471254,proxy_fixed_annual_rate
2023-02-02,0.03962901489071857,3.962901489071857e-4,1009.5544344648569,proxy_fixed_annual_rate
2023-02-03,0.03962901489071857,3.962901489071857e-4,1009.954510942021,proxy_fixed_annual_rate
2023-02-06,0.03962901489071857,3.962901489071857e-4,1010.3547459655515,proxy_fixed_annual_rate
2023-02-07,0.03962901489071857,3.962901489071857e-4,1010.7551395982792,proxy_fixed_annual_rate
2023-02-08,0.03962901489071857,3.962901489071857e-4,1011.1556919030593,proxy_fixed_annual_rate
2023-02-09,0.03962901489071857,3.962901489071857e-4,1011.5564029427719,proxy_fixed_annual_rate
2023-02-10,0.03962901489071857,3.962901489071857e-4,1011.9572727803223,proxy_fixed_annual_rate
2023-02-13,0.03962901489071857,3.962901489071857e-4,1012.3583014786401,proxy_fixed_annual_rate
2023-02-14,0.03962901489071857,3.962901489071857e-4,1012.7594891006804,proxy_fixed_annual_rate
2023-02-15,0.03962901489071857,3.962901489071857e-4,1013.1608357094233,proxy_fixed_annual_rate
2023-02-16,0.03962901489071857,3.962901489071857e-4,1013.5623413678736,proxy_fixed_annual_rate
2023-02-17,0.03962901489071857,3.962901489071857e-4,1013.9640061390609,proxy_fixed_annual_rate
2023-02-22,0.03962901489071857,3.962901489071857e-4,1014.3658300860403,proxy_fixed_annual_rate
2023-02-23,0.03962901489071857,3.962901489071857e-4,1014.7678132718913,proxy_fixed_annual_rate
2023-02-24,0.03962901489071857,3.962901489071857e-4,1015.1699557597192,proxy_fixed_annual_rate
2023-02-27,0.03962901489071857,3.962901489071857e-4,1015.5722576126534,proxy_fixed_annual_rate
2023-02-28,0.03962901489071857,3.962901489071857e-4,1015.9747188938486,proxy_fixed_annual_rate
2023-03-01,0.03962901489071857,3.962901489071857e-4,1016.377339666485,proxy_fixed_annual_rate
2023-03-02,0.03962901489071857,3.962901489071857e-4,1016.7801199937674,proxy_fixed_annual_rate
2023-03-03,0.03962901489071857,3.962901489071857e-4,1017.1830599389256,proxy_fixed_annual_rate
2023-03-06,0.03962901489071857,3.962901489071857e-4,1017.5861595652146,proxy_fixed_annual_rate
2023-03-07,0.03962901489071857,3.962901489071857e-4,1017.9894189359146,proxy_fixed_annual_rate
2023-03-08,0.03962901489071857,3.962901489071857e-4,1018.3928381143305,proxy_fixed_annual_rate
2023-03-09,0.03962901489071857,3.962901489071857e-4,1018.7964171637929,proxy_fixed_annual_rate
2023-03-10,0.03962901489071857,3.962901489071857e-4,1019.2001561476569,proxy_fixed_annual_rate
2023-03-13,0.03962901489071857,3.962901489071857e-4,1019.6040551293029,proxy_fixed_annual_rate
2023-03-14,0.03962901489071857,3.962901489071857e-4,1020.0081141721364,proxy_fixed_annual_rate
2023-03-15,0.03962901489071857,3.962901489071857e-4,1020.4123333395883,proxy_fixed_annual_rate
2023-03-16,0.03962901489071857,3.962901489071857e-4,1020.8167126951142,proxy_fixed_annual_rate
2023-03-17,0.03962901489071857,3.962901489071857e-4,1021.2212523021951,proxy_fixed_annual_rate
2023-03-20,0.03962901489071857,3.962901489071857e-4,1021.6259522243372,proxy_fixed_annual_rate
2023-03-21,0.03962901489071857,3.962901489071857e-4,1022.0308125250715,proxy_fixed_annual_rate
2023-03-22,0.03962901489071857,3.962901489071857e-4,1022.4358332679549,proxy_fixed_annual_rate
2023-03-23,0.03962901489071857,3.962901489071857e-4,1022.8410145165685,proxy_fixed_annual_rate
2023-03-24,0.03962901489071857,3.962901489071857e-4,1023.2463563345198,proxy_fixed_annual_rate
2023-03-27,0.03962901489071857,3.962901489071857e-4,1023.6518587854401,proxy_fixed_annual_rate
2023-03-28,0.03962901489071857,3.962901489071857e-4,1024.0575219329876,proxy_fixed_annual_rate
2023-03-29,0.03962901489071857,3.962901489071857e-4,1024.4633458408439,proxy_fixed_annual_rate
2023-03-30,0.03962901489071857,3.962901489071857e-4,1024.869330572717,proxy_fixed_annual_rate
2023-03-31,0.03962901489071857,3.962901489071857e-4,1025.2754761923402,proxy_fixed_annual_rate
2023-04-03,0.03962901489071857,3.962901489071857e-4,1025.6817827634711,proxy_fixed_annual_rate
2023-04-04,0.03962901489071857,3.962901489071857e-4,1026.088250349894,proxy_fixed_annual_rate
2023-04-05,0.03962901489071857,3.962901489071857e-4,1026.4948790154172,proxy_fixed_annual_rate
2023-04-06,0.03962901489071857,3.962901489071857e-4,1026.9016688238746,proxy_fixed_annual_rate
2023-04-10,0.03962901489071857,3.962901489071857e-4,1027.3086198391256,proxy_fixed_annual_rate
2023-04-11,0.03962901489071857,3.962901489071857e-4,1027.7157321250554,proxy_fixed_annual_rate
2023-04-12,0.03962901489071857,3.962901489071857e-4,1028.1230057455734,proxy_fixed_annual_rate
2023-04-13,0.03962901489071857,3.962901489071857e-4,1028.5304407646154,proxy_fixed_annual_rate
2023-04-14,0.03962901489071857,3.962901489071857e-4,1028.9380372461417,proxy_fixed_annual_rate
2023-04-17,0.03962901489071857,3.962901489071857e-4,1029.345795254138,proxy_fixed_annual_rate
2023-04-18,0.03962901489071857,3.962901489071857e-4,1029.7537148526164,proxy_fixed_annual_rate
2023-04-19,0.03962901489071857,3.962901489071857e-4,1030.1617961056131,proxy_fixed_annual_rate
2023-04-20,0.03962901489071857,3.962901489071857e-4,1030.5700390771901,proxy_fixed_annual_rate
2023-04-24,0.03962901489071857,3.962901489071857e-4,1030.9784438314352,proxy_fixed_annual_rate
2023-04-25,0.03962901489071857,3.962901489071857e-4,1031.3870104324615,proxy_fixed_annual_rate
2023-04-26,0.03962901489071857,3.962901489071857e-4,1031.7957389444068,proxy_fixed_annual_rate
2023-04-27,0.03962901489071857,3.962901489071857e-4,1032.2046294314346,proxy_fixed_annual_rate
2023-04-28,0.03962901489071857,3.962901489071857e-4,1032.6136819577348,proxy_fixed_annual_rate
2023-05-02,0.03962901489071857,3.962901489071857e-4,1033.0228965875215,proxy_fixed_annual_rate
2023-05-03,0.03962901489071857,3.962901489071857e-4,1033.4322733850347,proxy_fixed_annual_rate
2023-05-04,0.03962901489071857,3.962901489071857e-4,1033.8418124145398,proxy_fixed_annual_rate
2023-05-05,0.03962901489071857,3.962901489071857e-4,1034.2515137403282,proxy_fixed_annual_rate
2023-05-08,0.03962901489071857,3.962901489071857e-4,1034.6613774267157,proxy_fixed_annual_rate
2023-05-09,0.03962901489071857,3.962901489071857e-4,1035.071403538045,proxy_fixed_annual_rate
2023-05-10,0.03962901489071857,3.962901489071857e-4,1035.4815921386823,proxy_fixed_annual_rate
2023-05-11,0.03962901489071857,3.962901489071857e-4,1035.8919432930215,proxy_fixed_annual_rate
2023-05-12,0.03962901489071857,3.962901489071857e-4,1036.3024570654811,proxy_fixed_annual_rate
2023-05-15,0.03962901489071857,3.962901489071857e-4,1036.7131335205045,proxy_fixed_annual_rate
2023-05-16,0.03962901489071857,3.962901489071857e-4,1037.1239727225611,proxy_fixed_annual_rate
2023-05-17,0.03962901489071857,3.962901489071857e-4,1037.5349747361468,proxy_fixed_annual_rate
2023-05-18,0.03962901489071857,3.962901489071857e-4,1037.9461396257811,proxy_fixed_annual_rate
2023-05-19,0.03962901489071857,3.962901489071857e-4,1038.3574674560111,proxy_fixed_annual_rate
2023-05-22,0.03962901489071857,3.962901489071857e-4,1038.7689582914084,proxy_fixed_annual_rate
2023-05-23,0.03962901489071857,3.962901489071857e-4,1039.1806121965697,proxy_fixed_annual_rate
2023-05-24,0.03962901489071857,3.962901489071857e-4,1039.5924292361185,proxy_fixed_annual_rate
2023-05-25,0.03962901489071857,3.962901489071857e-4,1040.0044094747034,proxy_fixed_annual_rate
2023-05-26,0.03962901489071857,3.962901489071857e-4,1040.4165529769982,proxy_fixed_annual_rate
2023-05-29,0.03962901489071857,3.962901489071857e-4,1040.8288598077029,proxy_fixed_annual_rate
2023-05-30,0.03962901489071857,3.962901489071857e-4,1041.2413300315432,proxy_fixed_annual_rate
2023-05-31,0.03962901489071857,3.962901489071857e-4,1041.6539637132696,proxy_fixed_annual_rate
2023-06-01,0.03962901489071857,3.962901489071857e-4,1042.0667609176592,proxy_fixed_annual_rate
2023-06-02,0.03962901489071857,3.962901489071857e-4,1042.4797217095145,proxy_fixed_annual_rate
2023-06-05,0.03962901489071857,3.962901489071857e-4,1042.8928461536634,proxy_fixed_annual_rate
2023-06-06,0.03962901489071857,3.962901489071857e-4,1043.30613431496,proxy_fixed_annual_rate
2023-06-07,0.03962901489071857,3.962901489071857e-4,1043.7195862582835,proxy_fixed_annual_rate
2023-06-09,0.03962901489071857,3.962901489071857e-4,1044.133202048539,proxy_fixed_annual_rate
2023-06-12,0.03962901489071857,3.962901489071857e-4,1044.5469817506578,proxy_fixed_annual_rate
2023-06-13,0.03962901489071857,3.962901489071857e-4,1044.9609254295965,proxy_fixed_annual_rate
2023-06-14,0.03962901489071857,3.962901489071857e-4,1045.375033150337,proxy_fixed_annual_rate
2023-06-15,0.03962901489071857,3.962901489071857e-4,1045.7893049778882,proxy_fixed_annual_rate
2023-06-16,0.03962901489071857,3.962901489071857e-4,1046.2037409772834,proxy_fixed_annual_rate
2023-06-19,0.03962901489071857,3.962901489071857e-4,1046.6183412135824,proxy_fixed_annual_rate
2023-06-20,0.03962901489071857,3.962901489071857e-4,1047.0331057518708,proxy_fixed_annual_rate
2023-06-21,0.03962901489071857,3.962901489071857e-4,1047.44803465726,proxy_fixed_annual_rate
2023-06-22,0.03962901489071857,3.962901489071857e-4,1047.863127994887,proxy_fixed_annual_rate
2023-06-23,0.03962901489071857,3.962901489071857e-4,1048.2783858299144,proxy_fixed_annual_rate
2023-06-26,0.03962901489071857,3.962901489071857e-4,1048.6938082275312,proxy_fixed_annual_rate
2023-06-27,0.03962901489071857,3.962901489071857e-4,1049.1093952529518,proxy_fixed_annual_rate
2023-06-28,0.03962901489071857,3.962901489071857e-4,1049.5251469714165,proxy_fixed_annual_rate
2023-06-29,0.03962901489071857,3.962901489071857e-4,1049.9410634481917,proxy_fixed_annual_rate
2023-06-30,0.03962901489071857,3.962901489071857e-4,1050.3571447485692,proxy_fixed_annual_rate
2023-07-03,0.03962901489071857,3.962901489071857e-4,1050.7733909378674,proxy_fixed_annual_rate
2023-07-04,0.03962901489071857,3.962901489071857e-4,1051.18980208143,proxy_fixed_annual_rate
2023-07-05,0.03962901489071857,3.962901489071857e-4,1051.6063782446263,proxy_fixed_annual_rate
2023-07-06,0.03962901489071857,3.962901489071857e-4,1052.0231194928526,proxy_fixed_annual_rate
2023-07-07,0.03962901489071857,3.962901489071857e-4,1052.4400258915302,proxy_fixed_annual_rate
2023-07-10,0.03962901489071857,3.962901489071857e-4,1052.8570975061066,proxy_fixed_annual_rate
2023-07-11,0.03962901489071857,3.962901489071857e-4,1053.2743344020555,proxy_fixed_annual_rate
2023-07-12,0.03962901489071857,3.962901489071857e-4,1053.6917366448756,proxy_fixed_annual_rate
2023-07-13,0.03962901489071857,3.962901489071857e-4,1054.109304300093,proxy_fixed_annual_rate
2023-07-14,0.03962901489071857,3.962901489071857e-4,1054.5270374332586,proxy_fixed_annual_rate
2023-07-17,0.03962901489071857,3.962901489071857e-4,1054.9449361099496,proxy_fixed_annual_rate
2023-07-18,0.03962901489071857,3.962901489071857e-4,1055.3630003957694,proxy_fixed_annual_rate
2023-07-19,0.03962901489071857,3.962901489071857e-4,1055.7812303563474,proxy_fixed_annual_rate
2023-07-20,0.03962901489071857,3.962901489071857e-4,1056.1996260573387,proxy_fixed_annual_rate
2023-07-21,0.03962901489071857,3.962901489071857e-4,1056.6181875644247,proxy_fixed_annual_rate
2023-07-24,0.03962901489071857,3.962901489071857e-4,1057.0369149433127,proxy_fixed_annual_rate
2023-07-25,0.03962901489071857,3.962901489071857e-4,1057.4558082597362,proxy_fixed_annual_rate
2023-07-26,0.03962901489071857,3.962901489071857e-4,1057.874867579454,proxy_fixed_annual_rate
2023-07-27,0.03962901489071857,3.962901489071857e-4,1058.2940929682522,proxy_fixed_annual_rate
2023-07-28,0.03962901489071857,3.962901489071857e-4,1058.7134844919422,proxy_fixed_annual_rate
2023-07-31,0.03962901489071857,3.962901489071857e-4,1059.1330422163617,proxy_fixed_annual_rate
2023-08-01,0.03962901489071857,3.962901489071857e-4,1059.5527662073741,proxy_fixed_annual_rate
2023-08-02,0.03962901489071857,3.962901489071857e-4,1059.9726565308695,proxy_fixed_annual_rate
2023-08-03,0.03962901489071857,3.962901489071857e-4,1060.3927132527635,proxy_fixed_annual_rate
2023-08-04,0.03962901489071857,3.962901489071857e-4,1060.8129364389986,proxy_fixed_annual_rate
2023-08-07,0.03962901489071857,3.962901489071857e-4,1061.2333261555427,proxy_fixed_annual_rate
2023-08-08,0.03962901489071857,3.962901489071857e-4,1061.65388246839,proxy_fixed_annual_rate
2023-08-09,0.03962901489071857,3.962901489071857e-4,1062.0746054435615,proxy_fixed_annual_rate
2023-08-10,0.03962901489071857,3.962901489071857e-4,1062.4954951471032,proxy_fixed_annual_rate
2023-08-11,0.03962901489071857,3.962901489071857e-4,1062.9165516450882,proxy_fixed_annual_rate
2023-08-14,0.03962901489071857,3.962901489071857e-4,1063.3377750036154,proxy_fixed_annual_rate
2023-08-15,0.03962901489071857,3.962901489071857e-4,1063.7591652888102,proxy_fixed_annual_rate
2023-08-16,0.03962901489071857,3.962901489071857e-4,1064.180722566824,proxy_fixed_annual_rate
2023-08-17,0.03962901489071857,3.962901489071857e-4,1064.602446903834,proxy_fixed_annual_rate
2023-08-18,0.03962901489071857,3.962901489071857e-4,1065.0243383660447,proxy_fixed_annual_rate
2023-08-21,0.03962901489071857,3.962901489071857e-4,1065.4463970196855,proxy_fixed_annual_rate
2023-08-22,0.03962901489071857,3.962901489071857e-4,1065.868622931013,proxy_fixed_annual_rate
2023-08-23,0.03962901489071857,3.962901489071857e-4,1066.2910161663099,proxy_fixed_annual_rate
2023-08-24,0.03962901489071857,3.962901489071857e-4,1066.7135767918849,proxy_fixed_annual_rate
2023-08-25,0.03962901489071857,3.962901489071857e-4,1067.136304874073,proxy_fixed_annual_rate
2023-08-28,0.03962901489071857,3.962901489071857e-4,1067.5592004792359,proxy_fixed_annual_rate
2023-08-29,0.03962901489071857,3.962901489071857e-4,1067.982263673761,proxy_fixed_annual_rate
2023-08-30,0.03962901489071857,3.962901489071857e-4,1068.4054945240623,proxy_fixed_annual_rate
2023-08-31,0.03962901489071857,3.962901489071857e-4,1068.8288930965807,proxy_fixed_annual_rate
2023-09-01,0.03962901489071857,3.962901489071857e-4,1069.2524594577824,proxy_fixed_annual_rate
2023-09-04,0.03962901489071857,3.962901489071857e-4,1069.67619367416,proxy_fixed_annual_rate
2023-09-05,0.03962901489071857,3.962901489071857e-4,1070.1000958122338,proxy_fixed_annual_rate
2023-09-06,0.03962901489071857,3.962901489071857e-4,1070.5241659385488,proxy_fixed_annual_rate
2023-09-08,0.03962901489071857,3.962901489071857e-4,1070.9484041196772,proxy_fixed_annual_rate
2023-09-11,0.03962901489071857,3.962901489071857e-4,1071.3728104222178,proxy_fixed_annual_rate
2023-09-12,0.03962901489071857,3.962901489071857e-4,1071.797384912795,proxy_fixed_annual_rate
2023-09-13,0.03962901489071857,3.962901489071857e-4,1072.2221276580606,proxy_fixed_annual_rate
2023-09-14,0.03962901489071857,3.962901489071857e-4,1072.6470387246918,proxy_fixed_annual_rate
2023-09-15,0.03962901489071857,3.962901489071857e-4,1073.0721181793926,proxy_fixed_annual_rate
2023-09-18,0.03962901489071857,3.962901489071857e-4,1073.4973660888943,proxy_fixed_annual_rate
2023-09-19,0.03962901489071857,3.962901489071857e-4,1073.922782519953,proxy_fixed_annual_rate
2023-09-20,0.03962901489071857,3.962901489071857e-4,1074.348367539353,proxy_fixed_annual_rate
2023-09-21,0.03962901489071857,3.962901489071857e-4,1074.774121213903,proxy_fixed_annual_rate
2023-09-22,0.03962901489071857,3.962901489071857e-4,1075.2000436104406,proxy_fixed_annual_rate
2023-09-25,0.03962901489071857,3.962901489071857e-4,1075.626134795828,proxy_fixed_annual_rate
2023-09-26,0.03962901489071857,3.962901489071857e-4,1076.0523948369546,proxy_fixed_annual_rate
2023-09-27,0.03962901489071857,3.962901489071857e-4,1076.4788238007366,proxy_fixed_annual_rate
2023-09-28,0.03962901489071857,3.962901489071857e-4,1076.905421754116,proxy_fixed_annual_rate
2023-09-29,0.03962901489071857,3.962901489071857e-4,1077.3321887640618,proxy_fixed_annual_rate
2023-10-02,0.03962901489071857,3.962901489071857e-4,1077.7591248975698,proxy_fixed_annual_rate
2023-10-03,0.03962901489071857,3.962901489071857e-4,1078.1862302216614,proxy_fixed_annual_rate
2023-10-04,0.03962901489071857,3.962901489071857e-4,1078.6135048033857,proxy_fixed_annual_rate
2023-10-05,0.03962901489071857,3.962901489071857e-4,1079.0409487098173,proxy_fixed_annual_rate
2023-10-06,0.03962901489071857,3.962901489071857e-4,1079.4685620080586,proxy_fixed_annual_rate
2023-10-09,0.03962901489071857,3.962901489071857e-4,1079.8963447652375,proxy_fixed_annual_rate
2023-10-10,0.03962901489071857,3.962901489071857e-4,1080.3242970485087,proxy_fixed_annual_rate
2023-10-11,0.03962901489071857,3.962901489071857e-4,1080.7524189250541,proxy_fixed_annual_rate
2023-10-13,0.03962901489071857,3.962901489071857e-4,1081.1807104620818,proxy_fixed_annual_rate
2023-10-16,0.03962901489071857,3.962901489071857e-4,1081.6091717268264,proxy_fixed_annual_rate
2023-10-17,0.03962901489071857,3.962901489071857e-4,1082.0378027865493,proxy_fixed_annual_rate
2023-10-18,0.03962901489071857,3.962901489071857e-4,1082.466603708539,proxy_fixed_annual_rate
2023-10-19,0.03962901489071857,3.962901489071857e-4,1082.8955745601097,proxy_fixed_annual_rate
2023-10-20,0.03962901489071857,3.962901489071857e-4,1083.324715408603,proxy_fixed_annual_rate
2023-10-23,0.03962901489071857,3.962901489071857e-4,1083.7540263213868,proxy_fixed_annual_rate
2023-10-24,0.03962901489071857,3.962901489071857e-4,1084.1835073658567,proxy_fixed_annual_rate
2023-10-25,0.03962901489071857,3.962901489071857e-4,1084.6131586094334,proxy_fixed_annual_rate
2023-10-26,0.03962901489071857,3.962901489071857e-4,1085.0429801195655,proxy_fixed_annual_rate
2023-10-27,0.03962901489071857,3.962901489071857e-4,1085.4729719637278,proxy_fixed_annual_rate
2023-10-30,0.03962901489071857,3.962901489071857e-4,1085.903134209422,proxy_fixed_annual_rate
2023-10-31,0.03962901489071857,3.962901489071857e-4,1086.3334669241767,proxy_fixed_annual_rate
2023-11-01,0.03962901489071857,3.962901489071857e-4,1086.763970175547,proxy_fixed_annual_rate
2023-11-03,0.03962901489071857,3.962901489071857e-4,1087.1946440311146,proxy_fixed_annual_rate
2023-11-06,0.03962901489071857,3.962901489071857e-4,1087.6254885584888,proxy_fixed_annual_rate
2023-11-07,0.03962901489071857,3.962901489071857e-4,1088.0565038253048,proxy_fixed_annual_rate
2023-11-08,0.03962901489071857,3.962901489071857e-4,1088.4876898992252,proxy_fixed_annual_rate
2023-11-09,0.03962901489071857,3.962901489071857e-4,1088.919046847939,proxy_fixed_annual_rate
2023-11-10,0.03962901489071857,3.962901489071857e-4,1089.3505747391623,proxy_fixed_annual_rate
2023-11-13,0.03962901489071857,3.962901489071857e-4,1089.7822736406379,proxy_fixed_annual_rate
2023-11-14,0.03962901489071857,3.962901489071857e-4,1090.2141436201352,proxy_fixed_annual_rate
2023-11-16,0.03962901489071857,3.962901489071857e-4,1090.6461847454514,proxy_fixed_annual_rate
2023-11-17,0.03962901489071857,3.962901489071857e-4,1091.078397084409,proxy_fixed_annual_rate
2023-11-20,0.03962901489071857,3.962901489071857e-4,1091.5107807048591,proxy_fixed_annual_rate
2023-11-21,0.03962901489071857,3.962901489071857e-4,1091.9433356746783,proxy_fixed_annual_rate
2023-11-22,0.03962901489071857,3.962901489071857e-4,1092.376062061771,proxy_fixed_annual_rate
2023-11-23,0.03962901489071857,3.962901489071857e-4,1092.8089599340683,proxy_fixed_annual_rate
2023-11-24,0.03962901489071857,3.962901489071857e-4,1093.2420293595278,proxy_fixed_annual_rate
2023-11-27,0.03962901489071857,3.962901489071857e-4,1093.6752704061341,proxy_fixed_annual_rate
2023-11-28,0.03962901489071857,3.962901489071857e-4,1094.1086831418995,proxy_fixed_annual_rate
2023-11-29,0.03962901489071857,3.962901489071857e-4,1094.5422676348624,proxy_fixed_annual_rate
2023-11-30,0.03962901489071857,3.962901489071857e-4,1094.9760239530885,proxy_fixed_annual_rate
2023-12-01,0.03962901489071857,3.962901489071857e-4,1095.4099521646708,proxy_fixed_annual_rate
2023-12-04,0.03962901489071857,3.962901489071857e-4,1095.8440523377287,proxy_fixed_annual_rate
2023-12-05,0.03962901489071857,3.962901489071857e-4,1096.2783245404087,proxy_fixed_annual_rate
2023-12-06,0.03962901489071857,3.962901489071857e-4,1096.7127688408843,proxy_fixed_annual_rate
2023-12-07,0.03962901489071857,3.962901489071857e-4,1097.1473853073567,proxy_fixed_annual_rate
2023-12-08,0.03962901489071857,3.962901489071857e-4,1097.5821740080532,proxy_fixed_annual_rate
2023-12-11,0.03962901489071857,3.962901489071857e-4,1098.017135011229,proxy_fixed_annual_rate
2023-12-12,0.03962901489071857,3.962901489071857e-4,1098.452268385165,proxy_fixed_annual_rate
2023-12-13,0.03962901489071857,3.962901489071857e-4,1098.887574198171,proxy_fixed_annual_rate
2023-12-14,0.03962901489071857,3.962901489071857e-4,1099.3230525185822,proxy_fixed_annual_rate
2023-12-15,0.03962901489071857,3.962901489071857e-4,1099.7587034147618,proxy_fixed_annual_rate
2023-12-18,0.03962901489071857,3.962901489071857e-4,1100.1945269551002,proxy_fixed_annual_rate
2023-12-19,0.03962901489071857,3.962901489071857e-4,1100.630523208014,proxy_fixed_annual_rate
2023-12-20,0.03962901489071857,3.962901489071857e-4,1101.066692241948,proxy_fixed_annual_rate
2023-12-21,0.03962901489071857,3.962901489071857e-4,1101.503034125373,proxy_fixed_annual_rate
2023-12-22,0.03962901489071857,3.962901489071857e-4,1101.9395489267886,proxy_fixed_annual_rate
2023-12-26,0.03962901489071857,3.962901489071857e-4,1102.3762367147194,proxy_fixed_annual_rate
2023-12-27,0.03962901489071857,3.962901489071857e-4,1102.813097557719,proxy_fixed_annual_rate
2023-12-28,0.03962901489071857,3.962901489071857e-4,1103.250131524367,proxy_fixed_annual_rate
2024-01-02,0.03962901489071857,3.962901489071857e-4,1103.6873386832704,proxy_fixed_annual_rate
2024-01-03,0.03962901489071857,3.962901489071857e-4,1104.124719103064,proxy_fixed_annual_rate
2024-01-04,0.03962901489071857,3.962901489071857e-4,1104.5622728524097,proxy_fixed_annual_rate
2024-01-05,0.03962901489071857,3.962901489071857e-4,1104.9999999999955,proxy_fixed_annual_rate
2024-01-08,0.03962901489071857,3.962901489071857e-4,1105.437900614538,proxy_fixed_annual_rate
2024-01-09,0.03962901489071857,3.962901489071857e-4,1105.8759747647803,proxy_fixed_annual_rate
2024-01-10,0.03962901489071857,3.962901489071857e-4,1106.3142225194927,proxy_fixed_annual_rate
2024-01-11,0.03962901489071857,3.962901489071857e-4,1106.752643947473,proxy_fixed_annual_rate
2024-01-12,0.03962901489071857,3.962901489071857e-4,1107.1912391175463,proxy_fixed_annual_rate
2024-01-15,0.03962901489071857,3.962901489071857e-4,1107.630008098565,proxy_fixed_annual_rate
2024-01-16,0.03962901489071857,3.962901489071857e-4,1108.0689509594083,proxy_fixed_annual_rate
2024-01-17,0.03962901489071857,3.962901489071857e-4,1108.5080677689837,proxy_fixed_annual_rate
2024-01-18,0.03962901489071857,3.962901489071857e-4,1108.9473585962246,proxy_fixed_annual_rate
2024-01-19,0.03962901489071857,3.962901489071857e-4,1109.3868235100927,proxy_fixed_annual_rate
2024-01-22,0.03962901489071857,3.962901489071857e-4,1109.8264625795773,proxy_fixed_annual_rate
2024-01-23,0.03962901489071857,3.962901489071857e-4,1110.266275873694,proxy_fixed_annual_rate
2024-01-24,0.03962901489071857,3.962901489071857e-4,1110.7062634614867,proxy_fixed_annual_rate
2024-01-25,0.03962901489071857,3.962901489071857e-4,1111.146425412026,proxy_fixed_annual_rate
2024-01-26,0.03962901489071857,3.962901489071857e-4,1111.5867617944102,proxy_fixed_annual_rate
2024-01-29,0.03962901489071857,3.962901489071857e-4,1112.0272726777648,proxy_fixed_annual_rate
2024-01-30,0.03962901489071857,3.962901489071857e-4,1112.4679581312432,proxy_fixed_annual_rate
2024-01-31,0.03962901489071857,3.962901489071857e-4,1112.9088182240257,proxy_fixed_annual_rate
2024-02-01,0.03962901489071857,3.962901489071857e-4,1113.3498530253198,proxy_fixed_annual_rate
2024-02-02,0.03962901489071857,3.962901489071857e-4,1113.791062604361,proxy_fixed_annual_rate
2024-02-05,0.03962901489071857,3.962901489071857e-4,1114.232447030412,proxy_fixed_annual_rate
2024-02-06,0.03962901489071857,3.962901489071857e-4,1114.674006372763,proxy_fixed_annual_rate
2024-02-07,0.03962901489071857,3.962901489071857e-4,1115.1157407007313,proxy_fixed_annual_rate
2024-02-08,0.03962901489071857,3.962901489071857e-4,1115.5576500836623,proxy_fixed_annual_rate
2024-02-09,0.03962901489071857,3.962901489071857e-4,1115.9997345909285,proxy_fixed_annual_rate
2024-02-14,0.03962901489071857,3.962901489071857e-4,1116.4419942919299,proxy_fixed_annual_rate
2024-02-15,0.03962901489071857,3.962901489071857e-4,1116.884429256094,proxy_fixed_annual_rate
2024-02-16,0.03962901489071857,3.962901489071857e-4,1117.3270395528762,proxy_fixed_annual_rate
2024-02-19,0.03962901489071857,3.962901489071857e-4,1117.7698252517584,proxy_fixed_annual_rate
2024-02-20,0.03962901489071857,3.962901489071857e-4,1118.2127864222516,proxy_fixed_annual_rate
2024-02-21,0.03962901489071857,3.962901489071857e-4,1118.6559231338929,proxy_fixed_annual_rate
2024-02-22,0.03962901489071857,3.962901489071857e-4,1119.0992354562475,proxy_fixed_annual_rate
2024-02-23,0.03962901489071857,3.962901489071857e-4,1119.542723458908,proxy_fixed_annual_rate
2024-02-26,0.03962901489071857,3.962901489071857e-4,1119.9863872114956,proxy_fixed_annual_rate
2024-02-27,0.03962901489071857,3.962901489071857e-4,1120.4302267836579,proxy_fixed_annual_rate
2024-02-28,0.03962901489071857,3.962901489071857e-4,1120.87424224507,proxy_fixed_annual_rate
2024-02-29,0.03962901489071857,3.962901489071857e-4,1121.3184336654356,proxy_fixed_annual_rate
2024-03-01,0.03962901489071857,3.962901489071857e-4,1121.7628011144852,proxy_fixed_annual_rate
2024-03-04,0.03962901489071857,3.962901489071857e-4,1122.2073446619775,proxy_fixed_annual_rate
2024-03-05,0.03962901489071857,3.962901489071857e-4,1122.6520643776983,proxy_fixed_annual_rate
2024-03-06,0.03962901489071857,3.962901489071857e-4,1123.0969603314613,proxy_fixed_annual_rate
2024-03-07,0.03962901489071857,3.962901489071857e-4,1123.5420325931084,proxy_fixed_annual_rate
2024-03-08,0.03962901489071857,3.962901489071857e-4,1123.9872812325082,proxy_fixed_annual_rate
2024-03-11,0.03962901489071857,3.962901489071857e-4,1124.4327063195576,proxy_fixed_annual_rate
2024-03-12,0.03962901489071857,3.962901489071857e-4,1124.8783079241812,proxy_fixed_annual_rate
2024-03-13,0.03962901489071857,3.962901489071857e-4,1125.3240861163308,proxy_fixed_annual_rate
2024-03-14,0.03962901489071857,3.962901489071857e-4,1125.7700409659867,proxy_fixed_annual_rate
2024-03-15,0.03962901489071857,3.962901489071857e-4,1126.2161725431563,proxy_fixed_annual_rate
2024-03-18,0.03962901489071857,3.962901489071857e-4,1126.6624809178752,proxy_fixed_annual_rate
2024-03-19,0.03962901489071857,3.962901489071857e-4,1127.1089661602064,proxy_fixed_annual_rate
2024-03-20,0.03962901489071857,3.962901489071857e-4,1127.5556283402407,proxy_fixed_annual_rate
2024-03-21,0.03962901489071857,3.962901489071857e-4,1128.0024675280965,proxy_fixed_annual_rate
2024-03-22,0.03962901489071857,3.962901489071857e-4,1128.449483793921,proxy_fixed_annual_rate
2024-03-25,0.03962901489071857,3.962901489071857e-4,1128.896677207888,proxy_fixed_annual_rate
2024-03-26,0.03962901489071857,3.962901489071857e-4,1129.3440478401994,proxy_fixed_annual_rate
2024-03-27,0.03962901489071857,3.962901489071857e-4,1129.7915957610855,proxy_fixed_annual_rate
2024-03-28,0.03962901489071857,3.962901489071857e-4,1130.2393210408038,proxy_fixed_annual_rate
2024-04-01,0.03962901489071857,3.962901489071857e-4,1130.6872237496398,proxy_fixed_annual_rate
2024-04-02,0.03962901489071857,3.962901489071857e-4,1131.135303957907,proxy_fixed_annual_rate
2024-04-03,0.03962901489071857,3.962901489071857e-4,1131.5835617359467,proxy_fixed_annual_rate
2024-04-04,0.03962901489071857,3.962901489071857e-4,1132.031997154128,proxy_fixed_annual_rate
2024-04-05,0.03962901489071857,3.962901489071857e-4,1132.4806102828477,proxy_fixed_annual_rate
2024-04-08,0.03962901489071857,3.962901489071857e-4,1132.9294011925313,proxy_fixed_annual_rate
2024-04-09,0.03962901489071857,3.962901489071857e-4,1133.3783699536311,proxy_fixed_annual_rate
2024-04-10,0.03962901489071857,3.962901489071857e-4,1133.8275166366284,proxy_fixed_annual_rate
2024-04-11,0.03962901489071857,3.962901489071857e-4,1134.2768413120311,proxy_fixed_annual_rate
2024-04-12,0.03962901489071857,3.962901489071857e-4,1134.7263440503768,proxy_fixed_annual_rate
2024-04-15,0.03962901489071857,3.962901489071857e-4,1135.1760249222293,proxy_fixed_annual_rate
2024-04-16,0.03962901489071857,3.962901489071857e-4,1135.6258839981817,proxy_fixed_annual_rate
2024-04-17,0.03962901489071857,3.962901489071857e-4,1136.0759213488543,proxy_fixed_annual_rate
2024-04-18,0.03962901489071857,3.962901489071857e-4,1136.5261370448954,proxy_fixed_annual_rate
2024-04-19,0.03962901489071857,3.962901489071857e-4,1136.976531156982,proxy_fixed_annual_rate
2024-04-22,0.03962901489071857,3.962901489071857e-4,1137.427103755818,proxy_fixed_annual_rate
2024-04-23,0.03962901489071857,3.962901489071857e-4,1137.8778549121364,proxy_fixed_annual_rate
2024-04-24,0.03962901489071857,3.962901489071857e-4,1138.3287846966978,proxy_fixed_annual_rate
2024-04-25,0.03962901489071857,3.962901489071857e-4,1138.7798931802906,proxy_fixed_annual_rate
2024-04-26,0.03962901489071857,3.962901489071857e-4,1139.2311804337317,proxy_fixed_annual_rate
2024-04-29,0.03962901489071857,3.962901489071857e-4,1139.6826465278652,proxy_fixed_annual_rate
2024-04-30,0.03962901489071857,3.962901489071857e-4,1140.134291533565,proxy_fixed_annual_rate
2024-05-02,0.03962901489071857,3.962901489071857e-4,1140.5861155217308,proxy_fixed_annual_rate
2024-05-03,0.03962901489071857,3.962901489071857e-4,1141.0381185632923,proxy_fixed_annual_rate
2024-05-06,0.03962901489071857,3.962901489071857e-4,1141.4903007292066,proxy_fixed_annual_rate
2024-05-07,0.03962901489071857,3.962901489071857e-4,1141.9426620904587,proxy_fixed_annual_rate
2024-05-08,0.03962901489071857,3.962901489071857e-4,1142.395202718062,proxy_fixed_annual_rate
2024-05-09,0.03962901489071857,3.962901489071857e-4,1142.847922683058,proxy_fixed_annual_rate
2024-05-10,0.03962901489071857,3.962901489071857e-4,1143.3008220565164,proxy_fixed_annual_rate
2024-05-13,0.03962901489071857,3.962901489071857e-4,1143.7539009095349,proxy_fixed_annual_rate
2024-05-14,0.03962901489071857,3.962901489071857e-4,1144.2071593132396,proxy_fixed_annual_rate
2024-05-15,0.03962901489071857,3.962901489071857e-4,1144.6605973387843,proxy_fixed_annual_rate
2024-05-16,0.03962901489071857,3.962901489071857e-4,1145.1142150573519,proxy_fixed_annual_rate
2024-05-17,0.03962901489071857,3.962901489071857e-4,1145.5680125401527,proxy_fixed_annual_rate
2024-05-20,0.03962901489071857,3.962901489071857e-4,1146.0219898584255,proxy_fixed_annual_rate
2024-05-21,0.03962901489071857,3.962901489071857e-4,1146.4761470834376,proxy_fixed_annual_rate
2024-05-22,0.03962901489071857,3.962901489071857e-4,1146.9304842864835,proxy_fixed_annual_rate
2024-05-23,0.03962901489071857,3.962901489071857e-4,1147.3850015388878,proxy_fixed_annual_rate
2024-05-24,0.03962901489071857,3.962901489071857e-4,1147.8396989120015,proxy_fixed_annual_rate
2024-05-27,0.03962901489071857,3.962901489071857e-4,1148.294576477205,proxy_fixed_annual_rate
2024-05-28,0.03962901489071857,3.962901489071857e-4,1148.7496343059063,proxy_fixed_annual_rate
2024-05-29,0.03962901489071857,3.962901489071857e-4,1149.2048724695426,proxy_fixed_annual_rate
2024-05-31,0.03962901489071857,3.962901489071857e-4,1149.6602910395784,proxy_fixed_annual_rate
2024-06-03,0.03962901489071857,3.962901489071857e-4,1150.115890087507,proxy_fixed_annual_rate
2024-06-04,0.03962901489071857,3.962901489071857e-4,1150.5716696848506,proxy_fixed_annual_rate
2024-06-05,0.03962901489071857,3.962901489071857e-4,1151.0276299031582,proxy_fixed_annual_rate
2024-06-06,0.03962901489071857,3.962901489071857e-4,1151.483770814009,proxy_fixed_annual_rate
2024-06-07,0.03962901489071857,3.962901489071857e-4,1151.9400924890087,proxy_fixed_annual_rate
2024-06-10,0.03962901489071857,3.962901489071857e-4,1152.3965949997937,proxy_fixed_annual_rate
2024-06-11,0.03962901489071857,3.962901489071857e-4,1152.853278418026,proxy_fixed_annual_rate
2024-06-12,0.03962901489071857,3.962901489071857e-4,1153.3101428153984,proxy_fixed_annual_rate
2024-06-13,0.03962901489071857,3.962901489071857e-4,1153.7671882636312,proxy_fixed_annual_rate
2024-06-14,0.03962901489071857,3.962901489071857e-4,1154.2244148344723,proxy_fixed_annual_rate
2024-06-17,0.03962901489071857,3.962901489071857e-4,1154.6818225996992,proxy_fixed_annual_rate
2024-06-18,0.03962901489071857,3.962901489071857e-4,1155.1394116311178,proxy_fixed_annual_rate
2024-06-19,0.03962901489071857,3.962901489071857e-4,1155.5971820005618,proxy_fixed_annual_rate
2024-06-20,0.03962901489071857,3.962901489071857e-4,1156.0551337798934,proxy_fixed_annual_rate
2024-06-21,0.03962901489071857,3.962901489071857e-4,1156.513267041004,proxy_fixed_annual_rate
2024-06-24,0.03962901489071857,3.962901489071857e-4,1156.9715818558127,proxy_fixed_annual_rate
2024-06-25,0.03962901489071857,3.962901489071857e-4,1157.4300782962675,proxy_fixed_annual_rate
2024-06-26,0.03962901489071857,3.962901489071857e-4,1157.8887564343454,proxy_fixed_annual_rate
2024-06-27,0.03962901489071857,3.962901489071857e-4,1158.3476163420507,proxy_fixed_annual_rate
2024-06-28,0.03962901489071857,3.962901489071857e-4,1158.8066580914171,proxy_fixed_annual_rate
2024-07-01,0.03962901489071857,3.962901489071857e-4,1159.265881754507,proxy_fixed_annual_rate
2024-07-02,0.03962901489071857,3.962901489071857e-4,1159.7252874034104,proxy_fixed_annual_rate
2024-07-03,0.03962901489071857,3.962901489071857e-4,1160.184875110247,proxy_fixed_annual_rate
2024-07-04,0.03962901489071857,3.962901489071857e-4,1160.6446449471644,proxy_fixed_annual_rate
2024-07-05,0.03962901489071857,3.962901489071857e-4,1161.1045969863387,proxy_fixed_annual_rate
2024-07-08,0.03962901489071857,3.962901489071857e-4,1161.5647312999754,proxy_fixed_annual_rate
2024-07-09,0.03962901489071857,3.962901489071857e-4,1162.0250479603073,proxy_fixed_annual_rate
2024-07-10,0.03962901489071857,3.962901489071857e-4,1162.4855470395973,proxy_fixed_annual_rate
2024-07-11,0.03962901489071857,3.962901489071857e-4,1162.9462286101361,proxy_fixed_annual_rate
2024-07-12,0.03962901489071857,3.962901489071857e-4,1163.4070927442433,proxy_fixed_annual_rate
2024-07-15,0.03962901489071857,3.962901489071857e-4,1163.8681395142664,proxy_fixed_annual_rate
2024-07-16,0.03962901489071857,3.962901489071857e-4,1164.3293689925829,proxy_fixed_annual_rate
2024-07-17,0.03962901489071857,3.962901489071857e-4,1164.790781251598,proxy_fixed_annual_rate
2024-07-18,0.03962901489071857,3.962901489071857e-4,1165.252376363746,proxy_fixed_annual_rate
2024-07-19,0.03962901489071857,3.962901489071857e-4,1165.7141544014896,proxy_fixed_annual_rate
2024-07-22,0.03962901489071857,3.962901489071857e-4,1166.1761154373205,proxy_fixed_annual_rate
2024-07-23,0.03962901489071857,3.962901489071857e-4,1166.6382595437592,proxy_fixed_annual_rate
2024-07-24,0.03962901489071857,3.962901489071857e-4,1167.1005867933545,proxy_fixed_annual_rate
2024-07-25,0.03962901489071857,3.962901489071857e-4,1167.5630972586846,proxy_fixed_annual_rate
2024-07-26,0.03962901489071857,3.962901489071857e-4,1168.025791012356,proxy_fixed_annual_rate
2024-07-29,0.03962901489071857,3.962901489071857e-4,1168.4886681270034,proxy_fixed_annual_rate
2024-07-30,0.03962901489071857,3.962901489071857e-4,1168.9517286752919,proxy_fixed_annual_rate
2024-07-31,0.03962901489071857,3.962901489071857e-4,1169.4149727299139,proxy_fixed_annual_rate
2024-08-01,0.03962901489071857,3.962901489071857e-4,1169.8784003635913,proxy_fixed_annual_rate
2024-08-02,0.03962901489071857,3.962901489071857e-4,1170.3420116490747,proxy_fixed_annual_rate
2024-08-05,0.03962901489071857,3.962901489071857e-4,1170.8058066591436,proxy_fixed_annual_rate
2024-08-06,0.03962901489071857,3.962901489071857e-4,1171.269785466606,proxy_fixed_annual_rate
2024-08-07,0.03962901489071857,3.962901489071857e-4,1171.733948144299,proxy_fixed_annual_rate
2024-08-08,0.03962901489071857,3.962901489071857e-4,1172.1982947650886,proxy_fixed_annual_rate
2024-08-09,0.03962901489071857,3.962901489071857e-4,1172.66282540187,proxy_fixed_annual_rate
2024-08-12,0.03962901489071857,3.962901489071857e-4,1173.1275401275664,proxy_fixed_annual_rate
2024-08-13,0.03962901489071857,3.962901489071857e-4,1173.5924390151306,proxy_fixed_annual_rate
2024-08-14,0.03962901489071857,3.962901489071857e-4,1174.0575221375443,proxy_fixed_annual_rate
2024-08-15,0.03962901489071857,3.962901489071857e-4,1174.5227895678177,proxy_fixed_annual_rate
2024-08-16,0.03962901489071857,3.962901489071857e-4,1174.9882413789906,proxy_fixed_annual_rate
2024-08-19,0.03962901489071857,3.962901489071857e-4,1175.453877644131,proxy_fixed_annual_rate
2024-08-20,0.03962901489071857,3.962901489071857e-4,1175.919698436336,proxy_fixed_annual_rate
2024-08-21,0.03962901489071857,3.962901489071857e-4,1176.385703828732,proxy_fixed_annual_rate
2024-08-22,0.03962901489071857,3.962901489071857e-4,1176.8518938944746,proxy_fixed_annual_rate
2024-08-23,0.03962901489071857,3.962901489071857e-4,1177.3182687067479,proxy_fixed_annual_rate
2024-08-26,0.03962901489071857,3.962901489071857e-4,1177.7848283387646,proxy_fixed_annual_rate
2024-08-27,0.03962901489071857,3.962901489071857e-4,1178.2515728637677,proxy_fixed_annual_rate
2024-08-28,0.03962901489071857,3.962901489071857e-4,1178.718502355028,proxy_fixed_annual_rate
2024-08-29,0.03962901489071857,3.962901489071857e-4,1179.1856168858458,proxy_fixed_annual_rate
2024-08-30,0.03962901489071857,3.962901489071857e-4,1179.6529165295508,proxy_fixed_annual_rate
2024-09-02,0.03962901489071857,3.962901489071857e-4,1180.1204013595013,proxy_fixed_annual_rate
2024-09-03,0.03962901489071857,3.962901489071857e-4,1180.5880714490845,proxy_fixed_annual_rate
2024-09-04,0.03962901489071857,3.962901489071857e-4,1181.0559268717168,proxy_fixed_annual_rate
2024-09-05,0.03962901489071857,3.962901489071857e-4,1181.5239677008447,proxy_fixed_annual_rate
2024-09-06,0.03962901489071857,3.962901489071857e-4,1181.9921940099423,proxy_fixed_annual_rate
2024-09-09,0.03962901489071857,3.962901489071857e-4,1182.4606058725135,proxy_fixed_annual_rate
2024-09-10,0.03962901489071857,3.962901489071857e-4,1182.9292033620918,proxy_fixed_annual_rate
2024-09-11,0.03962901489071857,3.962901489071857e-4,1183.3979865522385,proxy_fixed_annual_rate
2024-09-12,0.03962901489071857,3.962901489071857e-4,1183.8669555165459,proxy_fixed_annual_rate
2024-09-13,0.03962901489071857,3.962901489071857e-4,1184.3361103286338,proxy_fixed_annual_rate
2024-09-16,0.03962901489071857,3.962901489071857e-4,1184.805451062152,proxy_fixed_annual_rate
2024-09-17,0.03962901489071857,3.962901489071857e-4,1185.2749777907795,proxy_fixed_annual_rate
2024-09-18,0.03962901489071857,3.962901489071857e-4,1185.7446905882243,proxy_fixed_annual_rate
2024-09-19,0.03962901489071857,3.962901489071857e-4,1186.2145895282235,proxy_fixed_annual_rate
2024-09-20,0.03962901489071857,3.962901489071857e-4,1186.6846746845433,proxy_fixed_annual_rate
2024-09-23,0.03962901489071857,3.962901489071857e-4,1187.15494613098,proxy_fixed_annual_rate
2024-09-24,0.03962901489071857,3.962901489071857e-4,1187.6254039413582,proxy_fixed_annual_rate
2024-09-25,0.03962901489071857,3.962901489071857e-4,1188.096048189532,proxy_fixed_annual_rate
2024-09-26,0.03962901489071857,3.962901489071857e-4,1188.566878949385,proxy_fixed_annual_rate
2024-09-27,0.03962901489071857,3.962901489071857e-4,1189.03789629483,proxy_fixed_annual_rate
2024-09-30,0.03962901489071857,3.962901489071857e-4,1189.509100299809,proxy_fixed_annual_rate
2024-10-01,0.03962901489071857,3.962901489071857e-4,1189.9804910382934,proxy_fixed_annual_rate
2024-10-02,0.03962901489071857,3.962901489071857e-4,1190.4520685842836,proxy_fixed_annual_rate
2024-10-03,0.03962901489071857,3.962901489071857e-4,1190.9238330118096,proxy_fixed_annual_rate
2024-10-04,0.03962901489071857,3.962901489071857e-4,1191.395784394931,proxy_fixed_annual_rate
2024-10-07,0.03962901489071857,3.962901489071857e-4,1191.8679228077362,proxy_fixed_annual_rate
2024-10-08,0.03962901489071857,3.962901489071857e-4,1192.3402483243435,proxy_fixed_annual_rate
2024-10-09,0.03962901489071857,3.962901489071857e-4,1192.8127610189,proxy_fixed_annual_rate
2024-10-10,0.03962901489071857,3.962901489071857e-4,1193.2854609655826,proxy_fixed_annual_rate
2024-10-11,0.03962901489071857,3.962901489071857e-4,1193.7583482385974,proxy_fixed_annual_rate
2024-10-14,0.03962901489071857,3.962901489071857e-4,1194.23142291218,proxy_fixed_annual_rate
2024-10-15,0.03962901489071857,3.962901489071857e-4,1194.7046850605955,proxy_fixed_annual_rate
2024-10-16,0.03962901489071857,3.962901489071857e-4,1195.1781347581382,proxy_fixed_annual_rate
2024-10-17,0.03962901489071857,3.962901489071857e-4,1195.6517720791321,proxy_fixed_annual_rate
2024-10-18,0.03962901489071857,3.962901489071857e-4,1196.1255970979305,proxy_fixed_annual_rate
2024-10-21,0.03962901489071857,3.962901489071857e-4,1196.5996098889161,proxy_fixed_annual_rate
2024-10-22,0.03962901489071857,3.962901489071857e-4,1197.0738105265016,proxy_fixed_annual_rate
2024-10-23,0.03962901489071857,3.962901489071857e-4,1197.5481990851279,proxy_fixed_annual_rate
2024-10-24,0.03962901489071857,3.962901489071857e-4,1198.0227756392667,proxy_fixed_annual_rate
2024-10-25,0.03962901489071857,3.962901489071857e-4,1198.497540263419,proxy_fixed_annual_rate
2024-10-28,0.03962901489071857,3.962901489071857e-4,1198.9724930321152,proxy_fixed_annual_rate
2024-10-29,0.03962901489071857,3.962901489071857e-4,1199.4476340199142,proxy_fixed_annual_rate
2024-10-30,0.03962901489071857,3.962901489071857e-4,1199.9229633014063,proxy_fixed_annual_rate
2024-10-31,0.03962901489071857,3.962901489071857e-4,1200.3984809512103,proxy_fixed_annual_rate
2024-11-01,0.03962901489071857,3.962901489071857e-4,1200.8741870439744,proxy_fixed_annual_rate
2024-11-04,0.03962901489071857,3.962901489071857e-4,1201.350081654377,proxy_fixed_annual_rate
2024-11-05,0.03962901489071857,3.962901489071857e-4,1201.8261648571254,proxy_fixed_annual_rate
2024-11-06,0.03962901489071857,3.962901489071857e-4,1202.3024367269572,proxy_fixed_annual_rate
2024-11-07,0.03962901489071857,3.962901489071857e-4,1202.7788973386391,proxy_fixed_annual_rate
2024-11-08,0.03962901489071857,3.962901489071857e-4,1203.2555467669679,proxy_fixed_annual_rate
2024-11-11,0.03962901489071857,3.962901489071857e-4,1203.7323850867697,proxy_fixed_annual_rate
2024-11-12,0.03962901489071857,3.962901489071857e-4,1204.2094123728998,proxy_fixed_annual_rate
2024-11-13,0.03962901489071857,3.962901489071857e-4,1204.6866287002447,proxy_fixed_annual_rate
2024-11-14,0.03962901489071857,3.962901489071857e-4,1205.164034143719,proxy_fixed_annual_rate
2024-11-18,0.03962901489071857,3.962901489071857e-4,1205.6416287782672,proxy_fixed_annual_rate
2024-11-19,0.03962901489071857,3.962901489071857e-4,1206.1194126788644,proxy_fixed_annual_rate
2024-11-21,0.03962901489071857,3.962901489071857e-4,1206.5973859205149,proxy_fixed_annual_rate
2024-11-22,0.03962901489071857,3.962901489071857e-4,1207.0755485782522,proxy_fixed_annual_rate
2024-11-25,0.03962901489071857,3.962901489071857e-4,1207.5539007271404,proxy_fixed_annual_rate
2024-11-26,0.03962901489071857,3.962901489071857e-4,1208.0324424422734,proxy_fixed_annual_rate
2024-11-27,0.03962901489071857,3.962901489071857e-4,1208.5111737987734,proxy_fixed_annual_rate
2024-11-28,0.03962901489071857,3.962901489071857e-4,1208.990094871794,proxy_fixed_annual_rate
2024-11-29,0.03962901489071857,3.962901489071857e-4,1209.4692057365182,proxy_fixed_annual_rate
2024-12-02,0.03962901489071857,3.962901489071857e-4,1209.948506468158,proxy_fixed_annual_rate
2024-12-03,0.03962901489071857,3.962901489071857e-4,1210.4279971419564,proxy_fixed_annual_rate
2024-12-04,0.03962901489071857,3.962901489071857e-4,1210.907677833185,proxy_fixed_annual_rate
2024-12-05,0.03962901489071857,3.962901489071857e-4,1211.3875486171466,proxy_fixed_annual_rate
2024-12-06,0.03962901489071857,3.962901489071857e-4,1211.8676095691724,proxy_fixed_annual_rate
2024-12-09,0.03962901489071857,3.962901489071857e-4,1212.3478607646243,proxy_fixed_annual_rate
2024-12-10,0.03962901489071857,3.962901489071857e-4,1212.828302278894,proxy_fixed_annual_rate
2024-12-11,0.03962901489071857,3.962901489071857e-4,1213.308934187403,proxy_fixed_annual_rate
2024-12-12,0.03962901489071857,3.962901489071857e-4,1213.7897565656026,proxy_fixed_annual_rate
2024-12-13,0.03962901489071857,3.962901489071857e-4,1214.2707694889739,proxy_fixed_annual_rate
2024-12-16,0.03962901489071857,3.962901489071857e-4,1214.7519730330282,proxy_fixed_annual_rate
2024-12-17,0.03962901489071857,3.962901489071857e-4,1215.2333672733068,proxy_fixed_annual_rate
2024-12-18,0.03962901489071857,3.962901489071857e-4,1215.7149522853808,proxy_fixed_annual_rate
2024-12-19,0.03962901489071857,3.962901489071857e-4,1216.1967281448506,proxy_fixed_annual_rate
2024-12-20,0.03962901489071857,3.962901489071857e-4,1216.6786949273474,proxy_fixed_annual_rate
2024-12-23,0.03962901489071857,3.962901489071857e-4,1217.1608527085325,proxy_fixed_annual_rate
2024-12-26,0.03962901489071857,3.962901489071857e-4,1217.6432015640964,proxy_fixed_annual_rate
2024-12-27,0.03962901489071857,3.962901489071857e-4,1218.1257415697598,proxy_fixed_annual_rate
2024-12-30,0.03962901489071857,3.962901489071857e-4,1218.6084728012743,proxy_fixed_annual_rate
2025-01-02,0.03962901489071857,3.962901489071857e-4,1219.0913953344202,proxy_fixed_annual_rate
2025-01-03,0.03962901489071857,3.962901489071857e-4,1219.5745092450088,proxy_fixed_annual_rate
2025-01-06,0.03962901489071857,3.962901489071857e-4,1220.057814608881,proxy_fixed_annual_rate
2025-01-07,0.03962901489071857,3.962901489071857e-4,1220.5413115019078,proxy_fixed_annual_rate
2025-01-08,0.03962901489071857,3.962901489071857e-4,1221.02499999999,proxy_fixed_annual_rate
2025-01-09,0.03962901489071857,3.962901489071857e-4,1221.5088801790594,proxy_fixed_annual_rate
2025-01-10,0.03962901489071857,3.962901489071857e-4,1221.9929521150773,proxy_fixed_annual_rate
2025-01-13,0.03962901489071857,3.962901489071857e-4,1222.4772158840342,proxy_fixed_annual_rate
2025-01-14,0.03962901489071857,3.962901489071857e-4,1222.9616715619527,proxy_fixed_annual_rate
2025-01-15,0.03962901489071857,3.962901489071857e-4,1223.4463192248836,proxy_fixed_annual_rate
2025-01-16,0.03962901489071857,3.962901489071857e-4,1223.9311589489093,proxy_fixed_annual_rate
2025-01-17,0.03962901489071857,3.962901489071857e-4,1224.4161908101414,proxy_fixed_annual_rate
2025-01-20,0.03962901489071857,3.962901489071857e-4,1224.9014148847218,proxy_fixed_annual_rate
2025-01-21,0.03962901489071857,3.962901489071857e-4,1225.3868312488232,proxy_fixed_annual_rate
2025-01-22,0.03962901489071857,3.962901489071857e-4,1225.8724399786477,proxy_fixed_annual_rate
2025-01-23,0.03962901489071857,3.962901489071857e-4,1226.3582411504278,proxy_fixed_annual_rate
2025-01-24,0.03962901489071857,3.962901489071857e-4,1226.8442348404271,proxy_fixed_annual_rate
2025-01-27,0.03962901489071857,3.962901489071857e-4,1227.3304211249379,proxy_fixed_annual_rate
2025-01-28,0.03962901489071857,3.962901489071857e-4,1227.8168000802839,proxy_fixed_annual_rate
2025-01-29,0.03962901489071857,3.962901489071857e-4,1228.3033717828184,proxy_fixed_annual_rate
2025-01-30,0.03962901489071857,3.962901489071857e-4,1228.7901363089254,proxy_fixed_annual_rate
2025-01-31,0.03962901489071857,3.962901489071857e-4,1229.2770937350188,proxy_fixed_annual_rate
2025-02-03,0.03962901489071857,3.962901489071857e-4,1229.7642441375433,proxy_fixed_annual_rate
2025-02-04,0.03962901489071857,3.962901489071857e-4,1230.2515875929735,proxy_fixed_annual_rate
2025-02-05,0.03962901489071857,3.962901489071857e-4,1230.739124177814,proxy_fixed_annual_rate
2025-02-06,0.03962901489071857,3.962901489071857e-4,1231.2268539686002,proxy_fixed_annual_rate
2025-02-07,0.03962901489071857,3.962901489071857e-4,1231.7147770418978,proxy_fixed_annual_rate
2025-02-10,0.03962901489071857,3.962901489071857e-4,1232.202893474303,proxy_fixed_annual_rate
2025-02-11,0.03962901489071857,3.962901489071857e-4,1232.6912033424417,proxy_fixed_annual_rate
2025-02-12,0.03962901489071857,3.962901489071857e-4,1233.179706722971,proxy_fixed_annual_rate
2025-02-13,0.03962901489071857,3.962901489071857e-4,1233.6684036925776,proxy_fixed_annual_rate
2025-02-14,0.03962901489071857,3.962901489071857e-4,1234.1572943279791,proxy_fixed_annual_rate
2025-02-17,0.03962901489071857,3.962901489071857e-4,1234.646378705923,proxy_fixed_annual_rate
2025-02-18,0.03962901489071857,3.962901489071857e-4,1235.1356569031882,proxy_fixed_annual_rate
2025-02-19,0.03962901489071857,3.962901489071857e-4,1235.625128996583,proxy_fixed_annual_rate
2025-02-20,0.03962901489071857,3.962901489071857e-4,1236.1147950629465,proxy_fixed_annual_rate
2025-02-21,0.03962901489071857,3.962901489071857e-4,1236.6046551791483,proxy_fixed_annual_rate
2025-02-24,0.03962901489071857,3.962901489071857e-4,1237.0947094220885,proxy_fixed_annual_rate
2025-02-25,0.03962901489071857,3.962901489071857e-4,1237.5849578686978,proxy_fixed_annual_rate
2025-02-26,0.03962901489071857,3.962901489071857e-4,1238.0754005959368,proxy_fixed_annual_rate
2025-02-27,0.03962901489071857,3.962901489071857e-4,1238.5660376807975,proxy_fixed_annual_rate
2025-02-28,0.03962901489071857,3.962901489071857e-4,1239.0568692003012,proxy_fixed_annual_rate
2025-03-05,0.03962901489071857,3.962901489071857e-4,1239.5478952315011,proxy_fixed_annual_rate
2025-03-06,0.03962901489071857,3.962901489071857e-4,1240.0391158514801,proxy_fixed_annual_rate
2025-03-07,0.03962901489071857,3.962901489071857e-4,1240.5305311373515,proxy_fixed_annual_rate
2025-03-10,0.03962901489071857,3.962901489071857e-4,1241.0221411662599,proxy_fixed_annual_rate
2025-03-11,0.03962901489071857,3.962901489071857e-4,1241.5139460153796,proxy_fixed_annual_rate
2025-03-12,0.03962901489071857,3.962901489071857e-4,1242.0059457619166,proxy_fixed_annual_rate
2025-03-13,0.03962901489071857,3.962901489071857e-4,1242.4981404831062,proxy_fixed_annual_rate
2025-03-14,0.03962901489071857,3.962901489071857e-4,1242.990530256215,proxy_fixed_annual_rate
2025-03-17,0.03962901489071857,3.962901489071857e-4,1243.4831151585406,proxy_fixed_annual_rate
2025-03-18,0.03962901489071857,3.962901489071857e-4,1243.9758952674104,proxy_fixed_annual_rate
2025-03-19,0.03962901489071857,3.962901489071857e-4,1244.4688706601828,proxy_fixed_annual_rate
2025-03-20,0.03962901489071857,3.962901489071857e-4,1244.962041414247,proxy_fixed_annual_rate
2025-03-21,0.03962901489071857,3.962901489071857e-4,1245.4554076070228,proxy_fixed_annual_rate
2025-03-24,0.03962901489071857,3.962901489071857e-4,1245.9489693159608,proxy_fixed_annual_rate
2025-03-25,0.03962901489071857,3.962901489071857e-4,1246.4427266185417,proxy_fixed_annual_rate
2025-03-26,0.03962901489071857,3.962901489071857e-4,1246.9366795922776,proxy_fixed_annual_rate
2025-03-27,0.03962901489071857,3.962901489071857e-4,1247.430828314711,proxy_fixed_annual_rate
2025-03-28,0.03962901489071857,3.962901489071857e-4,1247.9251728634154,proxy_fixed_annual_rate
2025-03-31,0.03962901489071857,3.962901489071857e-4,1248.4197133159944,proxy_fixed_annual_rate
2025-04-01,0.03962901489071857,3.962901489071857e-4,1248.9144497500831,proxy_fixed_annual_rate
2025-04-02,0.03962901489071857,3.962901489071857e-4,1249.409382243347,proxy_fixed_annual_rate
2025-04-03,0.03962901489071857,3.962901489071857e-4,1249.9045108734822,proxy_fixed_annual_rate
2025-04-04,0.03962901489071857,3.962901489071857e-4,1250.399835718216,proxy_fixed_annual_rate
2025-04-07,0.03962901489071857,3.962901489071857e-4,1250.8953568553063,proxy_fixed_annual_rate
2025-04-08,0.03962901489071857,3.962901489071857e-4,1251.3910743625418,proxy_fixed_annual_rate
2025-04-09,0.03962901489071857,3.962901489071857e-4,1251.886988317742,proxy_fixed_annual_rate
2025-04-10,0.03962901489071857,3.962901489071857e-4,1252.3830987987574,proxy_fixed_annual_rate
2025-04-11,0.03962901489071857,3.962901489071857e-4,1252.8794058834692,proxy_fixed_annual_rate
2025-04-14,0.03962901489071857,3.962901489071857e-4,1253.3759096497895,proxy_fixed_annual_rate
2025-04-15,0.03962901489071857,3.962901489071857e-4,1253.8726101756613,proxy_fixed_annual_rate
2025-04-16,0.03962901489071857,3.962901489071857e-4,1254.3695075390583,proxy_fixed_annual_rate
2025-04-17,0.03962901489071857,3.962901489071857e-4,1254.8666018179856,proxy_fixed_annual_rate
2025-04-22,0.03962901489071857,3.962901489071857e-4,1255.363893090479,proxy_fixed_annual_rate
2025-04-23,0.03962901489071857,3.962901489071857e-4,1255.8613814346045,proxy_fixed_annual_rate
2025-04-24,0.03962901489071857,3.962901489071857e-4,1256.35906692846,proxy_fixed_annual_rate
2025-04-25,0.03962901489071857,3.962901489071857e-4,1256.8569496501739,proxy_fixed_annual_rate
2025-04-28,0.03962901489071857,3.962901489071857e-4,1257.3550296779056,proxy_fixed_annual_rate
2025-04-29,0.03962901489071857,3.962901489071857e-4,1257.8533070898459,proxy_fixed_annual_rate
2025-04-30,0.03962901489071857,3.962901489071857e-4,1258.3517819642161,proxy_fixed_annual_rate
2025-05-02,0.03962901489071857,3.962901489071857e-4,1258.8504543792683,proxy_fixed_annual_rate
2025-05-05,0.03962901489071857,3.962901489071857e-4,1259.349324413286,proxy_fixed_annual_rate
2025-05-06,0.03962901489071857,3.962901489071857e-4,1259.848392144584,proxy_fixed_annual_rate
2025-05-07,0.03962901489071857,3.962901489071857e-4,1260.3476576515075,proxy_fixed_annual_rate
2025-05-08,0.03962901489071857,3.962901489071857e-4,1260.847121012433,proxy_fixed_annual_rate
2025-05-09,0.03962901489071857,3.962901489071857e-4,1261.3467823057683,proxy_fixed_annual_rate
2025-05-12,0.03962901489071857,3.962901489071857e-4,1261.8466416099516,proxy_fixed_annual_rate
2025-05-13,0.03962901489071857,3.962901489071857e-4,1262.3466990034533,proxy_fixed_annual_rate
2025-05-14,0.03962901489071857,3.962901489071857e-4,1262.846954564774,proxy_fixed_annual_rate
2025-05-15,0.03962901489071857,3.962901489071857e-4,1263.3474083724454,proxy_fixed_annual_rate
2025-05-16,0.03962901489071857,3.962901489071857e-4,1263.8480605050308,proxy_fixed_annual_rate
2025-05-19,0.03962901489071857,3.962901489071857e-4,1264.3489110411244,proxy_fixed_annual_rate
2025-05-20,0.03962901489071857,3.962901489071857e-4,1264.8499600593514,proxy_fixed_annual_rate
2025-05-21,0.03962901489071857,3.962901489071857e-4,1265.3512076383688,proxy_fixed_annual_rate
2025-05-22,0.03962901489071857,3.962901489071857e-4,1265.8526538568635,proxy_fixed_annual_rate
2025-05-23,0.03962901489071857,3.962901489071857e-4,1266.3542987935552,proxy_fixed_annual_rate
2025-05-26,0.03962901489071857,3.962901489071857e-4,1266.8561425271935,proxy_fixed_annual_rate
2025-05-27,0.03962901489071857,3.962901489071857e-4,1267.3581851365593,proxy_fixed_annual_rate
2025-05-28,0.03962901489071857,3.962901489071857e-4,1267.8604267004657,proxy_fixed_annual_rate
2025-05-29,0.03962901489071857,3.962901489071857e-4,1268.3628672977566,proxy_fixed_annual_rate
2025-05-30,0.03962901489071857,3.962901489071857e-4,1268.8655070073062,proxy_fixed_annual_rate
2025-06-02,0.03962901489071857,3.962901489071857e-4,1269.3683459080214,proxy_fixed_annual_rate
2025-06-03,0.03962901489071857,3.962901489071857e-4,1269.8713840788394,proxy_fixed_annual_rate
2025-06-04,0.03962901489071857,3.962901489071857e-4,1270.374621598729,proxy_fixed_annual_rate
2025-06-05,0.03962901489071857,3.962901489071857e-4,1270.8780585466902,proxy_fixed_annual_rate
2025-06-06,0.03962901489071857,3.962901489071857e-4,1271.3816950017545,proxy_fixed_annual_rate
2025-06-09,0.03962901489071857,3.962901489071857e-4,1271.8855310429847,proxy_fixed_annual_rate
2025-06-10,0.03962901489071857,3.962901489071857e-4,1272.3895667494746,proxy_fixed_annual_rate
2025-06-11,0.03962901489071857,3.962901489071857e-4,1272.8938022003497,proxy_fixed_annual_rate
2025-06-12,0.03962901489071857,3.962901489071857e-4,1273.3982374747668,proxy_fixed_annual_rate
2025-06-13,0.03962901489071857,3.962901489071857e-4,1273.9028726519136,proxy_fixed_annual_rate
2025-06-16,0.03962901489071857,3.962901489071857e-4,1274.4077078110104,proxy_fixed_annual_rate
2025-06-17,0.03962901489071857,3.962901489071857e-4,1274.9127430313072,proxy_fixed_annual_rate
2025-06-18,0.03962901489071857,3.962901489071857e-4,1275.4179783920868,proxy_fixed_annual_rate
2025-06-20,0.03962901489071857,3.962901489071857e-4,1275.9234139726625,proxy_fixed_annual_rate
2025-06-23,0.03962901489071857,3.962901489071857e-4,1276.42904985238,proxy_fixed_annual_rate
2025-06-24,0.03962901489071857,3.962901489071857e-4,1276.9348861106153,proxy_fixed_annual_rate
2025-06-25,0.03962901489071857,3.962901489071857e-4,1277.4409228267768,proxy_fixed_annual_rate
2025-06-26,0.03962901489071857,3.962901489071857e-4,1277.947160080304,proxy_fixed_annual_rate
2025-06-27,0.03962901489071857,3.962901489071857e-4,1278.453597950668,proxy_fixed_annual_rate
2025-06-30,0.03962901489071857,3.962901489071857e-4,1278.9602365173707,proxy_fixed_annual_rate
2025-07-01,0.03962901489071857,3.962901489071857e-4,1279.4670758599464,proxy_fixed_annual_rate
2025-07-02,0.03962901489071857,3.962901489071857e-4,1279.974116057961,proxy_fixed_annual_rate
2025-07-03,0.03962901489071857,3.962901489071857e-4,1280.4813571910108,proxy_fixed_annual_rate
2025-07-04,0.03962901489071857,3.962901489071857e-4,1280.988799338725,proxy_fixed_annual_rate
2025-07-07,0.03962901489071857,3.962901489071857e-4,1281.4964425807634,proxy_fixed_annual_rate
2025-07-08,0.03962901489071857,3.962901489071857e-4,1282.0042869968179,proxy_fixed_annual_rate
2025-07-09,0.03962901489071857,3.962901489071857e-4,1282.5123326666112,proxy_fixed_annual_rate
2025-07-10,0.03962901489071857,3.962901489071857e-4,1283.020579669899,proxy_fixed_annual_rate
2025-07-11,0.03962901489071857,3.962901489071857e-4,1283.5290280864674,proxy_fixed_annual_rate
2025-07-14,0.03962901489071857,3.962901489071857e-4,1284.0376779961343,proxy_fixed_annual_rate
2025-07-15,0.03962901489071857,3.962901489071857e-4,1284.5465294787502,proxy_fixed_annual_rate
2025-07-16,0.03962901489071857,3.962901489071857e-4,1285.0555826141954,proxy_fixed_annual_rate
2025-07-17,0.03962901489071857,3.962901489071857e-4,1285.5648374823836,proxy_fixed_annual_rate
2025-07-18,0.03962901489071857,3.962901489071857e-4,1286.0742941632593,proxy_fixed_annual_rate
2025-07-21,0.03962901489071857,3.962901489071857e-4,1286.5839527367991,proxy_fixed_annual_rate
2025-07-22,0.03962901489071857,3.962901489071857e-4,1287.0938132830106,proxy_fixed_annual_rate
2025-07-23,0.03962901489071857,3.962901489071857e-4,1287.603875881934,proxy_fixed_annual_rate
2025-07-24,0.03962901489071857,3.962901489071857e-4,1288.1141406136408,proxy_fixed_annual_rate
2025-07-25,0.03962901489071857,3.962901489071857e-4,1288.624607558234,proxy_fixed_annual_rate
2025-07-28,0.03962901489071857,3.962901489071857e-4,1289.1352767958488,proxy_fixed_annual_rate
2025-07-29,0.03962901489071857,3.962901489071857e-4,1289.6461484066517,proxy_fixed_annual_rate
2025-07-30,0.03962901489071857,3.962901489071857e-4,1290.1572224708414,proxy_fixed_annual_rate
2025-07-31,0.03962901489071857,3.962901489071857e-4,1290.6684990686479,proxy_fixed_annual_rate
2025-08-01,0.03962901489071857,3.962901489071857e-4,1291.1799782803337,proxy_fixed_annual_rate
2025-08-04,0.03962901489071857,3.962901489071857e-4,1291.6916601861924,proxy_fixed_annual_rate
2025-08-05,0.03962901489071857,3.962901489071857e-4,1292.2035448665497,proxy_fixed_annual_rate
2025-08-06,0.03962901489071857,3.962901489071857e-4,1292.7156324017633,proxy_fixed_annual_rate
2025-08-07,0.03962901489071857,3.962901489071857e-4,1293.2279228722225,proxy_fixed_annual_rate
2025-08-08,0.03962901489071857,3.962901489071857e-4,1293.7404163583483,proxy_fixed_annual_rate
2025-08-11,0.03962901489071857,3.962901489071857e-4,1294.2531129405943,proxy_fixed_annual_rate
2025-08-12,0.03962901489071857,3.962901489071857e-4,1294.7660126994451,proxy_fixed_annual_rate
2025-08-13,0.03962901489071857,3.962901489071857e-4,1295.2791157154177,proxy_fixed_annual_rate
2025-08-14,0.03962901489071857,3.962901489071857e-4,1295.7924220690609,proxy_fixed_annual_rate
2025-08-15,0.03962901489071857,3.962901489071857e-4,1296.3059318409555,proxy_fixed_annual_rate
2025-08-18,0.03962901489071857,3.962901489071857e-4,1296.819645111714,proxy_fixed_annual_rate
2025-08-19,0.03962901489071857,3.962901489071857e-4,1297.3335619619813,proxy_fixed_annual_rate
2025-08-20,0.03962901489071857,3.962901489071857e-4,1297.8476824724335,proxy_fixed_annual_rate
2025-08-21,0.03962901489071857,3.962901489071857e-4,1298.3620067237791,proxy_fixed_annual_rate
2025-08-22,0.03962901489071857,3.962901489071857e-4,1298.8765347967592,proxy_fixed_annual_rate
2025-08-25,0.03962901489071857,3.962901489071857e-4,1299.3912667721459,proxy_fixed_annual_rate
2025-08-26,0.03962901489071857,3.962901489071857e-4,1299.9062027307436,proxy_fixed_annual_rate
2025-08-27,0.03962901489071857,3.962901489071857e-4,1300.4213427533894,proxy_fixed_annual_rate
2025-08-28,0.03962901489071857,3.962901489071857e-4,1300.9366869209512,proxy_fixed_annual_rate
2025-08-29,0.03962901489071857,3.962901489071857e-4,1301.4522353143298,proxy_fixed_annual_rate
2025-09-01,0.03962901489071857,3.962901489071857e-4,1301.9679880144581,proxy_fixed_annual_rate
2025-09-02,0.03962901489071857,3.962901489071857e-4,1302.4839451023006,proxy_fixed_annual_rate
2025-09-03,0.03962901489071857,3.962901489071857e-4,1303.0001066588545,proxy_fixed_annual_rate
2025-09-04,0.03962901489071857,3.962901489071857e-4,1303.5164727651486,proxy_fixed_annual_rate
2025-09-05,0.03962901489071857,3.962901489071857e-4,1304.0330435022436,proxy_fixed_annual_rate
2025-09-08,0.03962901489071857,3.962901489071857e-4,1304.5498189512327,proxy_fixed_annual_rate
2025-09-09,0.03962901489071857,3.962901489071857e-4,1305.0667991932419,proxy_fixed_annual_rate
2025-09-10,0.03962901489071857,3.962901489071857e-4,1305.5839843094282,proxy_fixed_annual_rate
2025-09-11,0.03962901489071857,3.962901489071857e-4,1306.1013743809808,proxy_fixed_annual_rate
2025-09-12,0.03962901489071857,3.962901489071857e-4,1306.6189694891223,proxy_fixed_annual_rate
2025-09-15,0.03962901489071857,3.962901489071857e-4,1307.1367697151059,proxy_fixed_annual_rate
2025-09-16,0.03962901489071857,3.962901489071857e-4,1307.6547751402184,proxy_fixed_annual_rate
2025-09-17,0.03962901489071857,3.962901489071857e-4,1308.172985845778,proxy_fixed_annual_rate
2025-09-18,0.03962901489071857,3.962901489071857e-4,1308.691401913135,proxy_fixed_annual_rate
2025-09-19,0.03962901489071857,3.962901489071857e-4,1309.2100234236727,proxy_fixed_annual_rate
2025-09-22,0.03962901489071857,3.962901489071857e-4,1309.7288504588062,proxy_fixed_annual_rate
2025-09-23,0.03962901489071857,3.962901489071857e-4,1310.2478830999826,proxy_fixed_annual_rate
2025-09-24,0.03962901489071857,3.962901489071857e-4,1310.7671214286815,proxy_fixed_annual_rate
2025-09-25,0.03962901489071857,3.962901489071857e-4,1311.2865655264152,proxy_fixed_annual_rate
2025-09-26,0.03962901489071857,3.962901489071857e-4,1311.8062154747277,proxy_fixed_annual_rate
2025-09-29,0.03962901489071857,3.962901489071857e-4,1312.3260713551954,proxy_fixed_annual_rate
2025-09-30,0.03962901489071857,3.962901489071857e-4,1312.8461332494276,proxy_fixed_annual_rate
2025-10-01,0.03962901489071857,3.962901489071857e-4,1313.3664012390655,proxy_fixed_annual_rate
2025-10-02,0.03962901489071857,3.962901489071857e-4,1313.886875405782,proxy_fixed_annual_rate
2025-10-03,0.03962901489071857,3.962901489071857e-4,1314.4075558312838,proxy_fixed_annual_rate
2025-10-06,0.03962901489071857,3.962901489071857e-4,1314.928442597309,proxy_fixed_annual_rate
2025-10-07,0.03962901489071857,3.962901489071857e-4,1315.4495357856279,proxy_fixed_annual_rate
2025-10-08,0.03962901489071857,3.962901489071857e-4,1315.9708354780444,proxy_fixed_annual_rate
2025-10-09,0.03962901489071857,3.962901489071857e-4,1316.4923417563934,proxy_fixed_annual_rate
2025-10-10,0.03962901489071857,3.962901489071857e-4,1317.0140547025433,proxy_fixed_annual_rate
2025-10-13,0.03962901489071857,3.962901489071857e-4,1317.5359743983943,proxy_fixed_annual_rate
2025-10-14,0.03962901489071857,3.962901489071857e-4,1318.0581009258792,proxy_fixed_annual_rate
2025-10-15,0.03962901489071857,3.962901489071857e-4,1318.5804343669633,proxy_fixed_annual_rate
2025-10-16,0.03962901489071857,3.962901489071857e-4,1319.1029748036447,proxy_fixed_annual_rate
2025-10-17,0.03962901489071857,3.962901489071857e-4,1319.6257223179537,proxy_fixed_annual_rate
2025-10-20,0.03962901489071857,3.962901489071857e-4,1320.148676991953,proxy_fixed_annual_rate
2025-10-21,0.03962901489071857,3.962901489071857e-4,1320.6718389077375,proxy_fixed_annual_rate
2025-10-22,0.03962901489071857,3.962901489071857e-4,1321.1952081474358,proxy_fixed_annual_rate
2025-10-23,0.03962901489071857,3.962901489071857e-4,1321.718784793208,proxy_fixed_annual_rate
2025-10-24,0.03962901489071857,3.962901489071857e-4,1322.2425689272472,proxy_fixed_annual_rate
2025-10-27,0.03962901489071857,3.962901489071857e-4,1322.7665606317787,proxy_fixed_annual_rate
2025-10-28,0.03962901489071857,3.962901489071857e-4,1323.290759989061,proxy_fixed_annual_rate
2025-10-29,0.03962901489071857,3.962901489071857e-4,1323.8151670813845,proxy_fixed_annual_rate
2025-10-30,0.03962901489071857,3.962901489071857e-4,1324.3397819910726,proxy_fixed_annual_rate
2025-10-31,0.03962901489071857,3.962901489071857e-4,1324.8646048004816,proxy_fixed_annual_rate
2025-11-03,0.03962901489071857,3.962901489071857e-4,1325.389635592,proxy_fixed_annual_rate
2025-11-04,0.03962901489071857,3.962901489071857e-4,1325.9148744480487,proxy_fixed_annual_rate
2025-11-05,0.03962901489071857,3.962901489071857e-4,1326.4403214510821,proxy_fixed_annual_rate
2025-11-06,0.03962901489071857,3.962901489071857e-4,1326.9659766835864,proxy_fixed_annual_rate
2025-11-07,0.03962901489071857,3.962901489071857e-4,1327.4918402280812,proxy_fixed_annual_rate
2025-11-10,0.03962901489071857,3.962901489071857e-4,1328.017912167118,proxy_fixed_annual_rate
2025-11-11,0.03962901489071857,3.962901489071857e-4,1328.5441925832822,proxy_fixed_annual_rate
2025-11-12,0.03962901489071857,3.962901489071857e-4,1329.070681559191,proxy_fixed_annual_rate
2025-11-13,0.03962901489071857,3.962901489071857e-4,1329.5973791774943,proxy_fixed_annual_rate
2025-11-14,0.03962901489071857,3.962901489071857e-4,1330.124285520875,proxy_fixed_annual_rate
2025-11-17,0.03962901489071857,3.962901489071857e-4,1330.651400672049,proxy_fixed_annual_rate
2025-11-18,0.03962901489071857,3.962901489071857e-4,1331.178724713765,proxy_fixed_annual_rate
2025-11-19,0.03962901489071857,3.962901489071857e-4,1331.7062577288038,proxy_fixed_annual_rate
2025-11-21,0.03962901489071857,3.962901489071857e-4,1332.23399979998,proxy_fixed_annual_rate
2025-11-24,0.03962901489071857,3.962901489071857e-4,1332.76195101014,proxy_fixed_annual_rate
2025-11-25,0.03962901489071857,3.962901489071857e-4,1333.2901114421634,proxy_fixed_annual_rate
2025-11-26,0.03962901489071857,3.962901489071857e-4,1333.8184811789633,proxy_fixed_annual_rate
2025-11-27,0.03962901489071857,3.962901489071857e-4,1334.3470603034848,proxy_fixed_annual_rate
2025-11-28,0.03962901489071857,3.962901489071857e-4,1334.8758488987064,proxy_fixed_annual_rate
2025-12-01,0.03962901489071857,3.962901489071857e-4,1335.4048470476391,proxy_fixed_annual_rate
2025-12-02,0.03962901489071857,3.962901489071857e-4,1335.9340548333269,proxy_fixed_annual_rate
2025-12-03,0.03962901489071857,3.962901489071857e-4,1336.4634723388472,proxy_fixed_annual_rate
2025-12-04,0.03962901489071857,3.962901489071857e-4,1336.9930996473092,proxy_fixed_annual_rate
2025-12-05,0.03962901489071857,3.962901489071857e-4,1337.5229368418563,proxy_fixed_annual_rate
2025-12-08,0.03962901489071857,3.962901489071857e-4,1338.0529840056643,proxy_fixed_annual_rate
2025-12-09,0.03962901489071857,3.962901489071857e-4,1338.5832412219415,proxy_fixed_annual_rate
2025-12-10,0.03962901489071857,3.962901489071857e-4,1339.11370857393,proxy_fixed_annual_rate
2025-12-11,0.03962901489071857,3.962901489071857e-4,1339.6443861449045,proxy_fixed_annual_rate
2025-12-12,0.03962901489071857,3.962901489071857e-4,1340.1752740181726,proxy_fixed_annual_rate
2025-12-15,0.03962901489071857,3.962901489071857e-4,1340.706372277075,proxy_fixed_annual_rate
2025-12-16,0.03962901489071857,3.962901489071857e-4,1341.2376810049852,proxy_fixed_annual_rate
2025-12-17,0.03962901489071857,3.962901489071857e-4,1341.7692002853107,proxy_fixed_annual_rate
2025-12-18,0.03962901489071857,3.962901489071857e-4,1342.300930201491,proxy_fixed_annual_rate
2025-12-19,0.03962901489071857,3.962901489071857e-4,1342.8328708369988,proxy_fixed_annual_rate
2025-12-22,0.03962901489071857,3.962901489071857e-4,1343.3650222753402,proxy_fixed_annual_rate
2025-12-23,0.03962901489071857,3.962901489071857e-4,1343.8973846000545,proxy_fixed_annual_rate
2025-12-26,0.03962901489071857,3.962901489071857e-4,1344.4299578947134,proxy_fixed_annual_rate
2025-12-29,0.03962901489071857,3.962901489071857e-4,1344.9627422429228,proxy_fixed_annual_rate
2025-12-30,0.03962901489071857,3.962901489071857e-4,1345.495737728321,proxy_fixed_annual_rate
2026-01-02,0.03962901489071857,3.962901489071857e-4,1346.0289444345792,proxy_fixed_annual_rate
2026-01-05,0.03962901489071857,3.962901489071857e-4,1346.5623624454026,proxy_fixed_annual_rate
2026-01-06,0.03962901489071857,3.962901489071857e-4,1347.095991844529,proxy_fixed_annual_rate
2026-01-07,0.03962901489071857,3.962901489071857e-4,1347.6298327157292,proxy_fixed_annual_rate
2026-01-08,0.03962901489071857,3.962901489071857e-4,1348.1638851428079,proxy_fixed_annual_rate
2026-01-09,0.03962901489071857,3.962901489071857e-4,1348.6981492096024,proxy_fixed_annual_rate
2026-01-12,0.03962901489071857,3.962901489071857e-4,1349.2326249999835,proxy_fixed_annual_rate
2026-01-13,0.03962901489071857,3.962901489071857e-4,1349.7673125978554,proxy_fixed_annual_rate
2026-01-14,0.03962901489071857,3.962901489071857e-4,1350.3022120871549,proxy_fixed_annual_rate
2026-01-15,0.03962901489071857,3.962901489071857e-4,1350.8373235518525,proxy_fixed_annual_rate
2026-01-16,0.03962901489071857,3.962901489071857e-4,1351.3726470759523,proxy_fixed_annual_rate
2026-01-19,0.03962901489071857,3.962901489071857e-4,1351.9081827434911,proxy_fixed_annual_rate
2026-01-20,0.03962901489071857,3.962901489071857e-4,1352.4439306385393,proxy_fixed_annual_rate
2026-01-21,0.03962901489071857,3.962901489071857e-4,1352.9798908452005,proxy_fixed_annual_rate
2026-01-22,0.03962901489071857,3.962901489071857e-4,1353.5160634476122,proxy_fixed_annual_rate
2026-01-23,0.03962901489071857,3.962901489071857e-4,1354.052448529944,proxy_fixed_annual_rate
2026-01-26,0.03962901489071857,3.962901489071857e-4,1354.5890461764002,proxy_fixed_annual_rate
2026-01-27,0.03962901489071857,3.962901489071857e-4,1355.1258564712175,proxy_fixed_annual_rate
2026-01-28,0.03962901489071857,3.962901489071857e-4,1355.6628794986664,proxy_fixed_annual_rate
2026-01-29,0.03962901489071857,3.962901489071857e-4,1356.200115343051,proxy_fixed_annual_rate
2026-01-30,0.03962901489071857,3.962901489071857e-4,1356.737564088708,proxy_fixed_annual_rate
2026-02-02,0.03962901489071857,3.962901489071857e-4,1357.2752258200087,proxy_fixed_annual_rate
2026-02-03,0.03962901489071857,3.962901489071857e-4,1357.8131006213569,proxy_fixed_annual_rate
2026-02-04,0.03962901489071857,3.962901489071857e-4,1358.3511885771904,proxy_fixed_annual_rate
2026-02-05,0.03962901489071857,3.962901489071857e-4,1358.88948977198,proxy_fixed_annual_rate
2026-02-06,0.03962901489071857,3.962901489071857e-4,1359.42800429023,proxy_fixed_annual_rate
2026-02-09,0.03962901489071857,3.962901489071857e-4,1359.9667322164787,proxy_fixed_annual_rate
2026-02-10,0.03962901489071857,3.962901489071857e-4,1360.5056736352976,proxy_fixed_annual_rate
2026-02-11,0.03962901489071857,3.962901489071857e-4,1361.0448286312917,proxy_fixed_annual_rate
2026-02-12,0.03962901489071857,3.962901489071857e-4,1361.5841972890994,proxy_fixed_annual_rate
2026-02-13,0.03962901489071857,3.962901489071857e-4,1362.1237796933926,proxy_fixed_annual_rate
2026-02-18,0.03962901489071857,3.962901489071857e-4,1362.6635759288774,proxy_fixed_annual_rate
2026-02-19,0.03962901489071857,3.962901489071857e-4,1363.2035860802928,proxy_fixed_annual_rate
2026-02-20,0.03962901489071857,3.962901489071857e-4,1363.7438102324113,proxy_fixed_annual_rate
2026-02-23,0.03962901489071857,3.962901489071857e-4,1364.2842484700395,proxy_fixed_annual_rate
2026-02-24,0.03962901489071857,3.962901489071857e-4,1364.8249008780176,proxy_fixed_annual_rate
2026-02-25,0.03962901489071857,3.962901489071857e-4,1365.3657675412187,proxy_fixed_annual_rate
2026-02-26,0.03962901489071857,3.962901489071857e-4,1365.9068485445503,proxy_fixed_annual_rate
2026-02-27,0.03962901489071857,3.962901489071857e-4,1366.4481439729534,proxy_fixed_annual_rate
2026-03-02,0.03962901489071857,3.962901489071857e-4,1366.9896539114025,proxy_fixed_annual_rate
2026-03-03,0.03962901489071857,3.962901489071857e-4,1367.5313784449054,proxy_fixed_annual_rate
2026-03-04,0.03962901489071857,3.962901489071857e-4,1368.0733176585047,proxy_fixed_annual_rate
2026-03-05,0.03962901489071857,3.962901489071857e-4,1368.6154716372755,proxy_fixed_annual_rate
2026-03-06,0.03962901489071857,3.962901489071857e-4,1369.1578404663273,proxy_fixed_annual_rate
2026-03-09,0.03962901489071857,3.962901489071857e-4,1369.700424230803,proxy_fixed_annual_rate
2026-03-10,0.03962901489071857,3.962901489071857e-4,1370.24322301588,proxy_fixed_annual_rate
2026-03-11,0.03962901489071857,3.962901489071857e-4,1370.7862369067677,proxy_fixed_annual_rate
2026-03-12,0.03962901489071857,3.962901489071857e-4,1371.3294659887117,proxy_fixed_annual_rate
2026-03-13,0.03962901489071857,3.962901489071857e-4,1371.872910346989,proxy_fixed_annual_rate
2026-03-16,0.03962901489071857,3.962901489071857e-4,1372.4165700669123,proxy_fixed_annual_rate
2026-03-17,0.03962901489071857,3.962901489071857e-4,1372.9604452338267,proxy_fixed_annual_rate
2026-03-18,0.03962901489071857,3.962901489071857e-4,1373.5045359331123,proxy_fixed_annual_rate
2026-03-19,0.03962901489071857,3.962901489071857e-4,1374.0488422501817,proxy_fixed_annual_rate
2026-03-20,0.03962901489071857,3.962901489071857e-4,1374.5933642704829,proxy_fixed_annual_rate
2026-03-23,0.03962901489071857,3.962901489071857e-4,1375.1381020794963,proxy_fixed_annual_rate
2026-03-24,0.03962901489071857,3.962901489071857e-4,1375.6830557627372,proxy_fixed_annual_rate
2026-03-25,0.03962901489071857,3.962901489071857e-4,1376.2282254057548,proxy_fixed_annual_rate
2026-03-26,0.03962901489071857,3.962901489071857e-4,1376.7736110941312,proxy_fixed_annual_rate
2026-03-27,0.03962901489071857,3.962901489071857e-4,1377.319212913483,proxy_fixed_annual_rate
2026-03-30,0.03962901489071857,3.962901489071857e-4,1377.865030949461,proxy_fixed_annual_rate
2026-03-31,0.03962901489071857,3.962901489071857e-4,1378.4110652877503,proxy_fixed_annual_rate
2026-04-01,0.03962901489071857,3.962901489071857e-4,1378.9573160140685,proxy_fixed_annual_rate
2026-04-02,0.03962901489071857,3.962901489071857e-4,1379.5037832141684,proxy_fixed_annual_rate
