date,volatility,returns,symbol,close
2023-01-03,NA,-0.025631094703935542,PETR4.SA,22.34000015258789
2023-01-04,NA,0.031286935872021804,PETR4.SA,23.049999237060547
2023-01-05,NA,0.03537551703729225,PETR4.SA,23.8799991607666
2023-01-06,NA,-0.005879873840290983,PETR4.SA,23.739999771118164
2023-01-09,NA,0.005461095968905649,PETR4.SA,23.8700008392334
2023-01-10,NA,0.009174347451617493,PETR4.SA,24.09000015258789
2023-01-11,NA,0.007856171510733923,PETR4.SA,24.280000686645508
2023-01-12,NA,0.014312183587230631,PETR4.SA,24.6299991607666
2023-01-13,NA,-0.0024390039463995095,PETR4.SA,24.56999969482422
2023-01-16,NA,-0.02180702636191434,PETR4.SA,24.040000915527344
2023-01-17,NA,0.05974332866353027,PETR4.SA,25.520000457763672
2023-01-18,NA,-0.01779057641678161,PETR4.SA,25.06999969482422
2023-01-19,NA,0.03218487019139138,PETR4.SA,25.889999389648438
2023-01-20,NA,0.01837026200185754,PETR4.SA,26.3700008392334
2023-01-23,NA,0.015801685540232313,PETR4.SA,26.790000915527344
2023-01-24,NA,-0.007117487602116057,PETR4.SA,26.600000381469727
2023-01-25,NA,0.012700960677562545,PETR4.SA,26.940000534057617
2023-01-26,NA,-0.025946201768550115,PETR4.SA,26.25
2023-01-27,NA,-0.02429265981208184,PETR4.SA,25.6200008392334
2023-01-30,0.023074090092383568,0.0050612978841941825,PETR4.SA,25.75
2023-01-31,0.02188139310867164,0.012350589129651368,PETR4.SA,26.06999969482422
2023-02-01,0.021651880254891346,-0.01390523057137516,PETR4.SA,25.709999084472656
2023-02-02,0.02346683390579303,-0.04739085593101944,PETR4.SA,24.520000457763672
2023-02-03,0.023496731586953847,0.01095125324141355,PETR4.SA,24.790000915527344
2023-02-06,0.02491120153237542,0.03915864116743961,PETR4.SA,25.780000686645508
2023-02-07,0.02497584943588455,-0.0062256949203041145,PETR4.SA,25.6200008392334
2023-02-08,0.025141084463500597,0.016644409686321637,PETR4.SA,26.049999237060547
2023-02-09,0.02506955311407977,-0.0046171275920832144,PETR4.SA,25.93000030517578
2023-02-10,0.025768562405667286,0.030011711650844486,PETR4.SA,26.719999313354492
2023-02-13,0.025037861855502337,0.0029895360782865588,PETR4.SA,26.799999237060547
2023-02-14,0.021575015814869626,-0.003738265068205404,PETR4.SA,26.700000762939453
2023-02-15,0.02105643896531907,0.0014969691335520174,PETR4.SA,26.739999771118164
2023-02-16,0.01992980390266353,0.00410527204804545,PETR4.SA,26.850000381469727
2023-02-17,0.019883862883663627,-0.01538779997997608,PETR4.SA,26.440000534057617
2023-02-22,0.020345263201090306,-0.026055125061019258,PETR4.SA,25.760000228881836
2023-02-23,0.02152493705960374,0.030206808830681275,PETR4.SA,26.549999237060547
2023-02-24,0.021979517824992228,-0.024786764975067044,PETR4.SA,25.899999618530273
2023-02-27,0.02136737235247689,0.009606221946247828,PETR4.SA,26.149999618530273
2023-02-28,0.022158131917270216,-0.035419147318385136,PETR4.SA,25.239999771118164
2023-03-01,0.022129187604391,0.0023743369729705144,PETR4.SA,25.299999237060547
2023-03-02,0.022602877597647213,-0.026433251683207093,PETR4.SA,24.639999389648438
2023-03-03,0.02454508484136667,0.042119907692976355,PETR4.SA,25.700000762939453
2023-03-06,0.021932146207279443,0.010065834981507926,PETR4.SA,25.959999084472656
2023-03-07,0.023293882550820613,-0.033688995233306596,PETR4.SA,25.100000381469727
2023-03-08,0.021684845237677667,0.012668407426908335,PETR4.SA,25.420000076293945
2023-03-09,0.021663628969809737,-0.004336715306267447,PETR4.SA,25.309999465942383
2023-03-10,0.02143730241171134,-0.01312406708415148,PETR4.SA,24.979999542236328
2023-03-13,0.022466031233450087,-0.03213613967266937,PETR4.SA,24.190000534057617
2023-03-14,0.0212289797804366,-0.017935842572037064,PETR4.SA,23.760000228881836
2023-03-15,0.021282173982835384,-0.017834870731495034,PETR4.SA,23.34000015258789
2023-03-16,0.02128467491754103,-0.003433476465357188,PETR4.SA,23.260000228881836
2023-03-17,0.021572817295281745,0.01069071535682209,PETR4.SA,23.510000228881836
2023-03-20,0.021803857074155004,-0.024979762108657155,PETR4.SA,22.93000030517578
2023-03-21,0.022603062770348698,0.020289895882699582,PETR4.SA,23.399999618530273
2023-03-22,0.02211481990584769,-0.002995923298399372,PETR4.SA,23.329999923706055
2023-03-23,0.020824358661011417,-0.02297958026499325,PETR4.SA,22.799999237060547
2023-03-24,0.020476351863916137,-4.3861906821796026e-4,PETR4.SA,22.790000915527344
2023-03-27,0.020842054686524045,0.016967967647163906,PETR4.SA,23.18000030517578
2023-03-28,0.020267314597785854,0.0175330488108294,PETR4.SA,23.59000015258789
2023-03-29,0.020565472684302196,0.013055543088475119,PETR4.SA,23.899999618530273
2023-03-30,0.019827810168520785,0.0029245768238674863,PETR4.SA,23.969999313354492
2023-03-31,0.017464145083156163,-0.021932492373236467,PETR4.SA,23.450000762939453
2023-04-03,0.02029583315542526,0.04339433419112648,PETR4.SA,24.489999771118164
2023-04-04,0.01903782478925762,-0.009023823018339261,PETR4.SA,24.270000457763672
2023-04-05,0.018779533790553814,0.003290826594899876,PETR4.SA,24.350000381469727
2023-04-06,0.018977547445492834,-0.014478034846760579,PETR4.SA,24
2023-04-10,0.01951503134880908,0.02102737653037945,PETR4.SA,24.510000228881836
2023-04-11,0.020710542532270497,0.04585214636263801,PETR4.SA,25.65999984741211
2023-04-12,0.020132409858677366,0.007377262470524393,PETR4.SA,25.850000381469727
2023-04-13,0.01945505416378416,0.006939129673991129,PETR4.SA,26.030000686645508
2023-04-14,0.019367237422146372,0.010319164789135193,PETR4.SA,26.299999237060547
2023-04-17,0.019455580753845184,0.015469082670679146,PETR4.SA,26.709999084472656
2023-04-18,0.018402966631977144,0.025139968145956093,PETR4.SA,27.389999389648438
2023-04-19,0.02037839080507114,-0.03265593205652273,PETR4.SA,26.510000228881836
2023-04-20,0.020262125392106117,0.006766954491358224,PETR4.SA,26.690000534057617
2023-04-24,0.019165559942426004,0.018928017925111007,PETR4.SA,27.200000762939453
2023-04-25,0.019274195510284902,-0.004052339621563927,PETR4.SA,27.09000015258789
2023-04-26,0.019732137267283626,-0.012630188387616315,PETR4.SA,26.75
2023-04-27,0.020787474228188677,-0.024599144397669637,PETR4.SA,26.100000381469727
2023-04-28,0.030652595243575918,-0.09646024861172275,PETR4.SA,23.700000762939453
2023-05-02,0.0319687935060309,-0.041349602075397396,PETR4.SA,22.739999771118164
2023-05-03,0.03164730334732084,-0.0035242293911648126,PETR4.SA,22.65999984741211
2023-05-04,0.030141763334887103,0.015762174313151966,PETR4.SA,23.020000457763672
2023-05-05,0.03170919211940045,0.04169040716873296,PETR4.SA,24
2023-05-08,0.03206852731926925,0.02102737653037945,PETR4.SA,24.510000228881836
2023-05-09,0.03188224874292724,0.003258655555058443,PETR4.SA,24.59000015258789
2023-05-10,0.031544749152770425,-0.0024429761709150455,PETR4.SA,24.530000686645508
2023-05-11,0.03086325457766304,0.03603270517218027,PETR4.SA,25.43000030517578
2023-05-12,0.031658796168951196,0.03173639760298386,PETR4.SA,26.25
2023-05-15,0.0320472272816606,-0.02273263579666951,PETR4.SA,25.65999984741211
2023-05-16,0.032463861859720604,0.024635556933650715,PETR4.SA,26.299999237060547
2023-05-17,0.03269584172093046,-0.024635556933650715,PETR4.SA,25.65999984741211
2023-05-18,0.032132296048791344,0.005828639797671453,PETR4.SA,25.809999465942383
2023-05-19,0.03136343609652123,-0.0015509506109281368,PETR4.SA,25.770000457763672
2023-05-22,0.03131696667613639,-0.005837713202155648,PETR4.SA,25.6200008392334
2023-05-23,0.03152832469748403,0.02429265981208184,PETR4.SA,26.25
2023-05-24,0.03174631670734761,0.01512314726015962,PETR4.SA,26.649999618530273
2023-05-25,0.031666864164329664,-0.007532949148892687,PETR4.SA,26.450000762939453
2023-05-26,0.03128144089495734,0.013145671900020695,PETR4.SA,26.799999237060547
2023-05-29,0.021316617203310174,-0.004112875622835688,PETR4.SA,26.690000534057617
2023-05-30,0.018707485416939357,-0.011303856038990201,PETR4.SA,26.389999389648438
2023-05-31,0.01897519762664025,-0.010283790848948815,PETR4.SA,26.1200008392334
2023-06-01,0.01967650474803687,0.03165291554723071,PETR4.SA,26.959999084472656
2023-06-02,0.0180029772372786,0.00812716786557477,PETR4.SA,27.18000030517578
2023-06-05,0.017700257150762278,0.010613055160034968,PETR4.SA,27.469999313354492
2023-06-06,0.01800878510432028,0.020894129658451277,PETR4.SA,28.049999237060547
2023-06-07,0.018532989265454217,0.028814417974799778,PETR4.SA,28.8700008392334
2023-06-09,0.019607744381302986,0.04768442850154653,PETR4.SA,30.280000686645508
2023-06-12,0.018972895670934322,0.017351844028887786,PETR4.SA,30.809999465942383
2023-06-13,0.024267978798020208,-0.06538272078024399,PETR4.SA,28.860000610351562
2023-06-14,0.02526964473838843,0.04206860993381545,PETR4.SA,30.100000381469727
2023-06-15,0.02522018161777619,-0.02387072476473806,PETR4.SA,29.389999389648438
2023-06-16,0.025221820999079686,0.008470320172222934,PETR4.SA,29.639999389648438
2023-06-19,0.02548501872444273,0.02597550950343841,PETR4.SA,30.420000076293945
2023-06-20,0.02528378792381191,0.004918836580725117,PETR4.SA,30.56999969482422
2023-06-21,0.026085946570025696,0.04101826807535236,PETR4.SA,31.850000381469727
2023-06-22,0.02651550523107931,-0.012638386589988393,PETR4.SA,31.450000762939453
2023-06-23,0.028622434827345656,-0.041882469324780125,PETR4.SA,30.15999984741211
2023-06-26,0.028805738812585226,0.022296015562380145,PETR4.SA,30.84000015258789
2023-06-27,0.028892745272541234,-0.00781253221818945,PETR4.SA,30.600000381469727
2023-06-28,0.02857789903090272,0.009432465746952001,PETR4.SA,30.889999389648438
2023-06-29,0.02827296284009695,0.004522013417111115,PETR4.SA,31.030000686645508
2023-06-30,0.03053035914758355,-0.04954778158042572,PETR4.SA,29.530000686645508
2023-07-03,0.0306809443173469,0.018453777536967753,PETR4.SA,30.079999923706055
2023-07-04,0.030658086338375797,0.0023244139755278503,PETR4.SA,30.149999618530273
2023-07-05,0.03044046566212088,-0.0013275477564307359,PETR4.SA,30.110000610351562
2023-07-06,0.03011219702111685,-0.015395250186391873,PETR4.SA,29.649999618530273
2023-07-07,0.028080284247672355,-0.0050718492322019415,PETR4.SA,29.5
2023-07-10,0.027749066320969133,0.001693454687738516,PETR4.SA,29.549999237060547
2023-07-11,0.02364565783046464,-0.01362881832345142,PETR4.SA,29.149999618530273
2023-07-12,0.021532933592725654,6.858867850620953e-4,PETR4.SA,29.170000076293945
2023-07-13,0.02118915079645555,0.01564654676657673,PETR4.SA,29.6299991607666
2023-07-14,0.021561147113673955,-0.019768876226756493,PETR4.SA,29.049999237060547
2023-07-17,0.020604829505909916,-0.0020675219965791136,PETR4.SA,28.989999771118164
2023-07-18,0.020541691340086734,-0.005534426034392581,PETR4.SA,28.829999923706055
2023-07-19,0.018043327893642876,0.009321678282399937,PETR4.SA,29.100000381469727
2023-07-20,0.017978189549506012,0.0010303548750361102,PETR4.SA,29.1299991607666
2023-07-21,0.016250610630436077,0.018704886419974365,PETR4.SA,29.68000030517578
2023-07-24,0.016132908390360193,0.020674258754420638,PETR4.SA,30.299999237060547
2023-07-25,0.01687870168733086,0.02283951714934318,PETR4.SA,31
2023-07-26,0.016751670737907638,0,PETR4.SA,31
2023-07-27,0.020530966497508917,-0.05333274482164141,PETR4.SA,29.389999389648438
2023-07-28,0.01755419058422151,0.012510757992308275,PETR4.SA,29.760000228881836
2023-07-31,0.01977346086346769,0.04436411287287623,PETR4.SA,31.110000610351562
2023-08-01,0.020186401934972356,-0.016529309104023504,PETR4.SA,30.600000381469727
2023-08-02,0.020192739797313102,-0.00229019218703419,PETR4.SA,30.530000686645508
2023-08-03,0.019990706207155345,0.01269339694905236,PETR4.SA,30.920000076293945
2023-08-04,0.02121746628629704,-0.03020584452452857,PETR4.SA,30
2023-08-07,0.02125236291946424,0.0063133797464765,PETR4.SA,30.190000534057617
2023-08-08,0.020969673129474783,9.931727144025793e-4,PETR4.SA,30.219999313354492
2023-08-09,0.021011609667120207,0.007910383287272005,PETR4.SA,30.459999084472656
2023-08-10,0.020790902498659232,0.005565576035310826,PETR4.SA,30.6299991607666
2023-08-11,0.02020173821880622,-0.0022879466230052437,PETR4.SA,30.559999465942383
2023-08-14,0.020172719735088107,0.0026143781296879,PETR4.SA,30.639999389648438
2023-08-15,0.020097264325221357,0.007154541760795219,PETR4.SA,30.860000610351562
2023-08-16,0.02048054571667259,0.02179574384929639,PETR4.SA,31.540000915527344
2023-08-17,0.020534446867353146,-0.003175626014820576,PETR4.SA,31.440000534057617
2023-08-18,0.020233475764396155,0.0025412949650664984,PETR4.SA,31.520000457763672
2023-08-21,0.019905419965021483,-0.007004206341592933,PETR4.SA,31.299999237060547
2023-08-22,0.019931791098385016,-0.022291300274110526,PETR4.SA,30.610000610351562
2023-08-23,0.02313690276129317,0.0518811968031172,PETR4.SA,32.2400016784668
2023-08-24,0.01918317227294621,-0.0015521670513738428,PETR4.SA,32.189998626708984
2023-08-25,0.0192489219488104,-0.0068578610547351815,PETR4.SA,31.969999313354492
2023-08-28,0.016826815269677903,0.011197706779793926,PETR4.SA,32.33000183105469
2023-08-29,0.016257436738155277,0.002162821519574365,PETR4.SA,32.400001525878906
2023-08-30,0.016232614273942184,0.006767094555374165,PETR4.SA,32.619998931884766
2023-08-31,0.0169452453311043,-0.021066404941166628,PETR4.SA,31.940000534057617
2023-09-01,0.015727405118740587,0.02137298383185815,PETR4.SA,32.630001068115234
2023-09-04,0.016053391653874753,-0.010474530215915046,PETR4.SA,32.290000915527344
2023-09-05,0.017339420488510917,0.032899647631572826,PETR4.SA,33.369998931884766
2023-09-06,0.017325631682856245,0.00448502851528243,PETR4.SA,33.52000045776367
2023-09-08,0.017424544944183187,-0.0035863436026657425,PETR4.SA,33.400001525878906
2023-09-11,0.017399530115712162,-8.986849126166874e-4,PETR4.SA,33.369998931884766
2023-09-12,0.017394584883130573,0.004783263316805897,PETR4.SA,33.529998779296875
2023-09-13,0.017916054494320148,-0.015024321626548431,PETR4.SA,33.029998779296875
2023-09-14,0.01810967959222782,0.025113432848656636,PETR4.SA,33.869998931884766
2023-09-15,0.018055416229456583,5.903323152280926e-4,PETR4.SA,33.88999938964844
2023-09-18,0.01806770902564025,0.007056826604933786,PETR4.SA,34.130001068115234
2023-09-19,0.01788870376454961,0.0023411780134225957,PETR4.SA,34.209999084472656
2023-09-20,0.01676368742045633,0.002335820946839373,PETR4.SA,34.290000915527344
2023-09-21,0.01343345398687719,-0.015577173164235347,PETR4.SA,33.7599983215332
2023-09-22,0.01345824643595423,0.007965832631295022,PETR4.SA,34.029998779296875
2023-09-25,0.013284481509823044,0.006444112066802621,PETR4.SA,34.25
2023-09-26,0.014419496505468732,-0.023335896511401888,PETR4.SA,33.459999084472656
2023-09-27,0.015855767652636438,0.03118821127921967,PETR4.SA,34.52000045776367
2023-09-28,0.01587270893323185,-0.0020298598701016246,PETR4.SA,34.45000076293945
2023-09-29,0.014855575410505853,0.005500046468434938,PETR4.SA,34.63999938964844
2023-10-02,0.01485832063247209,-0.015125374755574406,PETR4.SA,34.119998931884766
2023-10-03,0.01464560498294025,-0.004405873211578815,PETR4.SA,33.970001220703125
2023-10-04,0.015795185946069407,-0.04055225365854742,PETR4.SA,32.619998931884766
2023-10-05,0.015776202690586886,0.0033665100783464297,PETR4.SA,32.72999954223633
2023-10-06,0.016699524610230294,0.023551777133651974,PETR4.SA,33.5099983215332
2023-10-09,0.01914159341245279,0.04207463884859086,PETR4.SA,34.95000076293945
2023-10-10,0.019168449028007427,0.007411616655774278,PETR4.SA,35.209999084472656
2023-10-11,0.01876905356942528,-0.002559368811436702,PETR4.SA,35.119998931884766
2023-10-13,0.01929077572100141,0.032495853246600426,PETR4.SA,36.279998779296875
2023-10-16,0.019349603786927173,0.010965064108002576,PETR4.SA,36.68000030517578
2023-10-17,0.019998937723289627,0.026632317387964122,PETR4.SA,37.66999816894531
2023-10-18,0.020358060713166648,0.022313625717538255,PETR4.SA,38.52000045776367
2023-10-19,0.020483467001758425,-0.004683857216357001,PETR4.SA,38.34000015258789
2023-10-20,0.02034441307524214,-0.012862802027744813,PETR4.SA,37.849998474121094
2023-10-23,0.026209007191525312,-0.06833259039192541,PETR4.SA,35.349998474121094
2023-10-24,0.026353466086461608,0.01488171778200309,PETR4.SA,35.880001068115234
2023-10-25,0.02565451451308432,0.00528141949510097,PETR4.SA,36.06999969482422
2023-10-26,0.02498855502351447,-0.010310776298347424,PETR4.SA,35.70000076293945
2023-10-27,0.02505760991339535,-0.007309623169313273,PETR4.SA,35.439998626708984
2023-10-30,0.025168853684159175,-0.01020986728661022,PETR4.SA,35.08000183105469
2023-10-31,0.025019763976416823,-0.009739410572458862,PETR4.SA,34.7400016784668
2023-11-01,0.02508251253892311,0.010878929225547562,PETR4.SA,35.119998931884766
2023-11-03,0.023099634632702305,0.011888110133370322,PETR4.SA,35.540000915527344
2023-11-06,0.023127638165911124,-8.445487994266365e-4,PETR4.SA,35.5099983215332
2023-11-07,0.023097337349195723,-0.01675462115185633,PETR4.SA,34.91999816894531
2023-11-08,0.02163919441215704,-0.021711665995116647,PETR4.SA,34.16999816894531
2023-11-09,0.022107262832409248,0.020565617122765723,PETR4.SA,34.880001068115234
2023-11-10,0.0221220914992441,-0.004597704712699269,PETR4.SA,34.720001220703125
2023-11-13,0.02175793241042927,0.027554574073105798,PETR4.SA,35.689998626708984
2023-11-14,0.021842106836280413,0.013635989378324886,PETR4.SA,36.18000030517578
2023-11-16,0.021157842764375594,-0.017566353613855057,PETR4.SA,35.54999923706055
2023-11-17,0.021873398400966006,0.032109037781064664,PETR4.SA,36.709999084472656
2023-11-20,0.02187783795241908,8.169529026869071e-4,PETR4.SA,36.7400016784668
2023-11-21,0.02182105023200373,-0.010396839376351608,PETR4.SA,36.36000061035156
2023-11-22,0.01714204960940953,-0.03356021761846284,PETR4.SA,35.15999984741211
2023-11-23,0.016769712064638526,2.843259457572245e-4,PETR4.SA,35.16999816894531
2023-11-24,0.016730418499737925,0.002839362803881418,PETR4.SA,35.27000045776367
2023-11-27,0.01662838368866442,-0.005686701776617564,PETR4.SA,35.06999969482422
2023-11-28,0.016920792395292726,0.014999539546034057,PETR4.SA,35.599998474121094
2023-11-29,0.01692859095173018,-0.010447615636646201,PETR4.SA,35.22999954223633
2023-11-30,0.017262146068611216,0.019117824629245384,PETR4.SA,35.90999984741211
2023-12-01,0.017215439908817007,-0.006705855951201212,PETR4.SA,35.66999816894531
2023-12-04,0.017695723715172536,-0.021536631291563246,PETR4.SA,34.90999984741211
2023-12-05,0.01771501724896159,-0.004593744735250205,PETR4.SA,34.75
2023-12-06,0.019141012371552062,-0.03663413317978037,PETR4.SA,33.5
2023-12-07,0.01857708403235994,-0.002390970452963437,PETR4.SA,33.41999816894531
2023-12-08,0.01939290451539029,0.03151500723600842,PETR4.SA,34.4900016784668
2023-12-11,0.019384776960849247,-0.003776360734577988,PETR4.SA,34.36000061035156
2023-12-12,0.018275975143451435,-0.008182359190243904,PETR4.SA,34.08000183105469
2023-12-13,0.018305873289509875,0.01427548941652601,PETR4.SA,34.56999969482422
2023-12-14,0.018666860434897282,0.02146312198967859,PETR4.SA,35.31999969482422
2023-12-15,0.017061494001695997,0.0022624961482033967,PETR4.SA,35.400001525878906
2023-12-18,0.01734780993114473,0.012352729120552297,PETR4.SA,35.84000015258789
2023-12-19,0.017425891231665103,0.011374788936479696,PETR4.SA,36.25
2023-12-20,0.015556996879339768,0.0035798211492488186,PETR4.SA,36.380001068115234
2023-12-21,0.015557042863188915,2.747924016275327e-4,PETR4.SA,36.38999938964844
2023-12-22,0.015655414605857225,0.00957213062041573,PETR4.SA,36.7400016784668
2023-12-26,0.015838948071210005,0.01593121650500251,PETR4.SA,37.33000183105469
2023-12-27,0.015594893005753499,8.032877206964883e-4,PETR4.SA,37.36000061035156
2023-12-28,0.015363157603095732,-0.0032171322171983263,PETR4.SA,37.2400016784668
2024-01-02,0.015133357376572142,0.014396332282057056,PETR4.SA,37.779998779296875
2024-01-03,0.01620908437649262,0.030755625512638662,PETR4.SA,38.959999084472656
2024-01-04,0.015350352294623606,-0.008506250947093008,PETR4.SA,38.630001068115234
2024-01-05,0.01519846500446543,0.002327089606720012,PETR4.SA,38.720001220703125
2024-01-08,0.012021853753270813,-0.0075178814169647445,PETR4.SA,38.43000030517578
2024-01-09,0.012350727186382048,-0.008624170434495149,PETR4.SA,38.099998474121094
2024-01-10,0.011335151305454238,-0.009228766388305942,PETR4.SA,37.75
2024-01-11,0.011193071381230867,0.00844108668319743,PETR4.SA,38.06999969482422
2024-01-12,0.01076962296129297,0.002623256407864094,PETR4.SA,38.16999816894531
2024-01-15,0.010647787447341944,0.010684236152727955,PETR4.SA,38.58000183105469
2024-01-16,0.010675662324837765,-0.012519812855483536,PETR4.SA,38.099998474121094
2024-01-17,0.010886050033896907,-0.005790945568122652,PETR4.SA,37.880001068115234
2024-01-18,0.010789759932784382,-0.003967774671615576,PETR4.SA,37.72999954223633
2024-01-19,0.01071807368177646,-0.0053149412227346815,PETR4.SA,37.529998779296875
2024-01-22,0.010728640873129055,0.004519534070219322,PETR4.SA,37.70000076293945
2024-01-23,0.01097816736860889,0.012389704095009169,PETR4.SA,38.16999816894531
2024-01-24,0.01105908789162611,-0.007626522270878233,PETR4.SA,37.880001068115234
2024-01-25,0.013187187425318622,0.0362921558940843,PETR4.SA,39.279998779296875
2024-01-26,0.013575113184321256,0.017163478459956583,PETR4.SA,39.959999084472656
2024-01-29,0.013726890569550496,0.01514993882689497,PETR4.SA,40.56999969482422
2024-01-30,0.013700061714576333,-0.006181253501883255,PETR4.SA,40.31999969482422
2024-01-31,0.012242563719057105,0.010853550980989723,PETR4.SA,40.7599983215332
2024-02-01,0.012556330079117379,0.01967757874803633,PETR4.SA,41.56999969482422
2024-02-02,0.013103290784519524,-0.013075269220678809,PETR4.SA,41.029998779296875
2024-02-05,0.012873609970193834,0.004377446431963694,PETR4.SA,41.209999084472656
2024-02-06,0.01260441342786674,0.009178834289099935,PETR4.SA,41.59000015258789
2024-02-07,0.012372704487860734,0.014560481697419636,PETR4.SA,42.20000076293945
2024-02-08,0.012718254506847108,-0.008089507522463624,PETR4.SA,41.86000061035156
2024-02-09,0.013352718074642873,-0.013468250104759605,PETR4.SA,41.29999923706055
2024-02-14,0.01348919412140826,-0.007534306029429505,PETR4.SA,40.9900016784668
2024-02-15,0.014376394367920544,0.031458892551391227,PETR4.SA,42.29999923706055
2024-02-16,0.014160533928219645,0.009177600585116075,PETR4.SA,42.689998626708984
2024-02-19,0.013970269513429941,0.004907192901288937,PETR4.SA,42.900001525878906
2024-02-20,0.014247698081804632,-0.01054493077222629,PETR4.SA,42.45000076293945
2024-02-21,0.014283415096661643,0.0014123721566350333,PETR4.SA,42.5099983215332
2024-02-22,0.01450863435172835,-0.007556109300559832,PETR4.SA,42.189998626708984
2024-02-23,0.014476096513070002,-0.006897330240843047,PETR4.SA,41.900001525878906
2024-02-26,0.012927955206796057,0.0186788052557052,PETR4.SA,42.689998626708984
2024-02-27,0.012607959768002273,-0.0014064127683530714,PETR4.SA,42.630001068115234
2024-02-28,0.01748207898127477,-0.05298616463167116,PETR4.SA,40.43000030517578
2024-02-29,0.017501953909385696,-0.007198763038307909,PETR4.SA,40.13999938964844
2024-03-01,0.017311348399156025,9.960388193821501e-4,PETR4.SA,40.18000030517578
2024-03-04,0.016633239001709193,-0.0024918645203988454,PETR4.SA,40.08000183105469
2024-03-05,0.01642584793623234,-0.002998571592347954,PETR4.SA,39.959999084472656
2024-03-06,0.01718712315108393,0.021783066163443277,PETR4.SA,40.84000015258789
2024-03-07,0.017186692756437118,-0.01107978256883202,PETR4.SA,40.38999938964844
2024-03-08,0.026800220026051792,-0.0958054386148035,PETR4.SA,36.70000076293945
2024-03-11,0.027250917864346025,-0.02902758618710921,PETR4.SA,35.650001525878906
2024-03-12,0.028655063767420406,0.03229197785465976,PETR4.SA,36.81999969482422
2024-03-13,0.028687396776640298,-0.012021965066683293,PETR4.SA,36.380001068115234
2024-03-14,0.027312896969803366,-0.004407716292205155,PETR4.SA,36.220001220703125
2024-03-15,0.027140543770502817,0.0027570591729482175,PETR4.SA,36.31999969482422
2024-03-18,0.027048148681222458,5.505218362458209e-4,PETR4.SA,36.34000015258789
2024-03-19,0.027043457609512458,-0.007457580712127765,PETR4.SA,36.06999969482422
2024-03-20,0.027567912574944245,0.017315289394271627,PETR4.SA,36.70000076293945
2024-03-21,0.027938671257045952,-0.02762606569261905,PETR4.SA,35.70000076293945
2024-03-22,0.028230933637897675,0.00975613241114237,PETR4.SA,36.04999923706055
2024-03-25,0.028068776506581527,0.015141356149050544,PETR4.SA,36.599998474121094
2024-03-26,0.028031232858519068,-0.009333039679698008,PETR4.SA,36.2599983215332
2024-03-27,0.026143213230552104,0.007966006284989557,PETR4.SA,36.54999923706055
2024-03-28,0.026818991724807978,0.021919464375744102,PETR4.SA,37.36000061035156
2024-04-01,0.026921704146283837,0.007732365076218883,PETR4.SA,37.650001525878906
2024-04-02,0.027676960334414937,0.02543725456942525,PETR4.SA,38.619998931884766
2024-04-03,0.027686073927417103,-0.005192139661803097,PETR4.SA,38.41999816894531
2024-04-04,0.02717942337666529,-0.011518416350132288,PETR4.SA,37.97999954223633
2024-04-05,0.027160442750707222,0.0031545487519557547,PETR4.SA,38.099998474121094
2024-04-08,0.0163309117775947,0.013814962244739881,PETR4.SA,38.630001068115234
2024-04-09,0.014544605709231719,0.0025852773792252037,PETR4.SA,38.72999954223633
2024-04-10,0.013648193352889476,0.021962083264937426,PETR4.SA,39.59000015258789
2024-04-11,0.013404146996217385,-0.0073520655102443655,PETR4.SA,39.29999923706055
2024-04-12,0.013601237724532459,-0.009202534784791272,PETR4.SA,38.939998626708984
2024-04-15,0.013661228682140793,0.009457009691464346,PETR4.SA,39.310001373291016
2024-04-16,0.013638044237196187,0.004568543433477235,PETR4.SA,39.4900016784668
2024-04-17,0.01337341667219172,0.0073167249373247145,PETR4.SA,39.779998779296875
2024-04-18,0.013061789624994243,0.0017581242061885938,PETR4.SA,39.849998474121094
2024-04-19,0.01099916174432826,0.016920043576047483,PETR4.SA,40.529998779296875
2024-04-22,0.011645803749458658,0.02365101671494374,PETR4.SA,41.5
2024-04-23,0.011646319454524738,-0.0019296154762331597,PETR4.SA,41.41999816894531
2024-04-24,0.011358804497179145,-0.004597676144294738,PETR4.SA,41.22999954223633
2024-04-25,0.01200021619531464,0.0237279357169613,PETR4.SA,42.220001220703125
2024-04-26,0.012331968343884623,-0.013592666084486726,PETR4.SA,41.650001525878906
2024-04-29,0.012408695832953582,0.01193331540042486,PETR4.SA,42.150001525878906
2024-04-30,0.011628925146348166,-0.0030890143382222846,PETR4.SA,42.02000045776367
2024-05-02,0.01141783563767131,0.00380047597490929,PETR4.SA,42.18000030517578
2024-05-03,0.0174351984032134,-0.05582053166926215,PETR4.SA,39.88999938964844
2024-05-06,0.017461274240304327,0.006745820967525518,PETR4.SA,40.15999984741211
2024-05-07,0.017408392398293296,0.012127401946841143,PETR4.SA,40.650001525878906
2024-05-08,0.01763456840395939,0.015136981325598153,PETR4.SA,41.27000045776367
2024-05-09,0.017152469516603777,0.00964554663615047,PETR4.SA,41.66999816894531
2024-05-10,0.017033460320794197,-0.002162075025788912,PETR4.SA,41.58000183105469
2024-05-13,0.016805997275871162,9.614688352042045e-4,PETR4.SA,41.619998931884766
2024-05-14,0.017401462909083502,-0.018184523860250046,PETR4.SA,40.869998931884766
2024-05-15,0.022542607586639552,-0.06233877211161909,PETR4.SA,38.400001525878906
2024-05-16,0.023290381894982594,-0.029600542256902784,PETR4.SA,37.279998779296875
2024-05-17,0.023426430230974068,-0.015952756135590107,PETR4.SA,36.689998626708984
2024-05-20,0.02294795460806797,0.001634024721228311,PETR4.SA,36.75
2024-05-21,0.021965222787214272,-0.0019065699506310985,PETR4.SA,36.68000030517578
2024-05-22,0.022390737487882926,0.013539334793146285,PETR4.SA,37.18000030517578
2024-05-23,0.022413142826727156,-0.010001405802879226,PETR4.SA,36.810001373291016
2024-05-24,0.02132195426987363,-0.005448140894619868,PETR4.SA,36.61000061035156
2024-05-27,0.02163090222068666,0.010866657242491584,PETR4.SA,37.0099983215332
2024-05-28,0.02212168788642363,0.021120981395605032,PETR4.SA,37.79999923706055
2024-05-29,0.022135107065047094,-0.001323606746924888,PETR4.SA,37.75
2024-05-31,0.02323407678926807,0.0271770293589908,PETR4.SA,38.790000915527344
2024-06-03,0.019822097943808625,-0.005428450115201322,PETR4.SA,38.58000183105469
2024-06-04,0.019827473924202817,-0.011208257211531958,PETR4.SA,38.150001525878906
2024-06-05,0.01955113691581653,0.001309737857475124,PETR4.SA,38.20000076293945
2024-06-06,0.019174193212684758,0.00470098282478304,PETR4.SA,38.380001068115234
2024-06-07,0.020381118375627522,-0.03824158081471518,PETR4.SA,36.939998626708984
2024-06-10,0.020909133257754745,0.015045995381531174,PETR4.SA,37.5
2024-06-11,0.02097284759334742,0.004257586200917984,PETR4.SA,37.65999984741211
2024-06-12,0.023131166926876584,-0.0500921310644209,PETR4.SA,35.81999969482422
2024-06-13,0.019104146682159283,-0.01010111328539498,PETR4.SA,35.459999084472656
2024-06-14,0.018650276872263692,-0.022242114115363254,PETR4.SA,34.68000030517578
2024-06-17,0.018483729985533635,0.003741580562291791,PETR4.SA,34.810001373291016
2024-06-18,0.019934433676405332,0.030832596723427308,PETR4.SA,35.900001525878906
2024-06-19,0.019938529497044957,8.352716212245426e-4,PETR4.SA,35.93000030517578
2024-06-20,0.020029032626808597,0.015739650969398333,PETR4.SA,36.5
2024-06-21,0.019954569502866153,0.0051919403491713645,PETR4.SA,36.689998626708984
2024-06-24,0.02003888680887007,0.010034056975478656,PETR4.SA,37.060001373291016
2024-06-25,0.019893932335104034,-8.098959528228811e-4,PETR4.SA,37.029998779296875
2024-06-26,0.019273877961622714,0.0016190336552162066,PETR4.SA,37.09000015258789
2024-06-27,0.019667179028641596,0.016577891376670983,PETR4.SA,37.709999084472656
2024-06-28,0.01874010670305612,0.008975777264563334,PETR4.SA,38.04999923706055
2024-07-01,0.0190435777562996,0.015128140071355656,PETR4.SA,38.630001068115234
2024-07-02,0.018876646205397002,-0.0031113000864819718,PETR4.SA,38.5099983215332
2024-07-03,0.019298872367403307,-0.017551156025470416,PETR4.SA,37.84000015258789
2024-07-04,0.019481596914006367,-0.013837380414255751,PETR4.SA,37.31999969482422
2024-07-05,0.01747833583575624,0.00534476853667698,PETR4.SA,37.52000045776367
2024-07-08,0.017985785330857585,0.02422441203797021,PETR4.SA,38.439998626708984
2024-07-09,0.017974230014525215,-2.601358586837854e-4,PETR4.SA,38.43000030517578
2024-07-10,0.013674152641229172,-0.009411850139603661,PETR4.SA,38.06999969482422
2024-07-11,0.013337061301147302,0.006806364785029828,PETR4.SA,38.33000183105469
2024-07-12,0.012042179931494593,-0.004707129435969737,PETR4.SA,38.150001525878906
2024-07-15,0.012078271468251295,0.009132443566447712,PETR4.SA,38.5
2024-07-16,0.010535369530710145,-0.0026007419636284723,PETR4.SA,38.400001525878906
2024-07-17,0.010525346823703315,0.005194737610132449,PETR4.SA,38.599998474121094
2024-07-18,0.010184758973765872,-0.0018151099840646445,PETR4.SA,38.529998779296875
2024-07-19,0.010173987874087635,0.00414400626151501,PETR4.SA,38.689998626708984
2024-07-22,0.011203063335578117,-0.020102504118180153,PETR4.SA,37.91999816894531
2024-07-23,0.0116386556207979,-0.013006099029935214,PETR4.SA,37.43000030517578
2024-07-24,0.011756190160002572,0.007982991774023507,PETR4.SA,37.72999954223633
2024-07-25,0.011162641711869039,-0.0013260640362942056,PETR4.SA,37.68000030517578
2024-07-26,0.010959767520185893,-0.0010621593056319156,PETR4.SA,37.63999938964844
2024-07-29,0.011163458175827938,-0.02039787085137279,PETR4.SA,36.880001068115234
2024-07-30,0.01119731401715135,-0.006255957683838798,PETR4.SA,36.650001525878906
2024-07-31,0.011723650730830827,0.02052457431479171,PETR4.SA,37.40999984741211
2024-08-01,0.011818483780767865,-0.015353828752241228,PETR4.SA,36.84000015258789
2024-08-02,0.013475421850595456,-0.03059355630544136,PETR4.SA,35.72999954223633
2024-08-05,0.01194307075187166,-8.399490671262555e-4,PETR4.SA,35.70000076293945
2024-08-06,0.01281540984823456,0.017217835174229368,PETR4.SA,36.31999969482422
2024-08-07,0.012723613788115781,-0.0013775794148647158,PETR4.SA,36.27000045776367
2024-08-08,0.013220891492102604,0.01586461131169381,PETR4.SA,36.849998474121094
2024-08-09,0.013309685502370246,-0.009269427532756946,PETR4.SA,36.5099983215332
2024-08-12,0.014211648598169504,0.02247899250527441,PETR4.SA,37.34000015258789
2024-08-13,0.014248312963880726,-0.006178650680424891,PETR4.SA,37.11000061035156
2024-08-14,0.014807482248425652,0.017363805306779945,PETR4.SA,37.7599983215332
2024-08-15,0.015248847203954618,0.015243444770982606,PETR4.SA,38.34000015258789
2024-08-16,0.015249158491817356,0.004164499696378776,PETR4.SA,38.5
2024-08-19,0.014524857935398126,-0.0015596929172203566,PETR4.SA,38.439998626708984
2024-08-20,0.014212781042476492,-0.00390975897696455,PETR4.SA,38.290000915527344
2024-08-21,0.014202743516944987,-0.006024891449285974,PETR4.SA,38.060001373291016
2024-08-22,0.015301985580471057,-0.025008018806924603,PETR4.SA,37.119998931884766
2024-08-23,0.015350849968465962,-0.006215384079935493,PETR4.SA,36.88999938964844
2024-08-26,0.021462336933090805,0.0701307526216235,PETR4.SA,39.56999969482422
2024-08-27,0.02169523035145728,-0.013484462689131949,PETR4.SA,39.040000915527344
2024-08-28,0.021474925499986114,0.014242294732239369,PETR4.SA,39.599998474121094
2024-08-29,0.021177558330780596,-0.006841446728238498,PETR4.SA,39.33000183105469
2024-08-30,0.019641066288840808,0.0010164448255642888,PETR4.SA,39.369998931884766
2024-09-02,0.019865160862336213,-0.009442431695818154,PETR4.SA,39
2024-09-03,0.019953614150883855,-0.01212451917346824,PETR4.SA,38.529998779296875
2024-09-04,0.019938263823899363,2.595597852921294e-4,PETR4.SA,38.540000915527344
2024-09-05,0.019802010666235458,-0.006246810474960451,PETR4.SA,38.29999923706055
2024-09-06,0.020249097090998182,-0.0197765183743277,PETR4.SA,37.54999923706055
2024-09-09,0.019773724570861077,0.01085959173133233,PETR4.SA,37.959999084472656
2024-09-10,0.020108548653639157,-0.01673560764653592,PETR4.SA,37.33000183105469
2024-09-11,0.019703421546662436,-0.0010721232346981857,PETR4.SA,37.290000915527344
2024-09-12,0.01947147909021757,-0.011327035465992452,PETR4.SA,36.869998931884766
2024-09-13,0.019425210433741177,-0.00462140742722239,PETR4.SA,36.70000076293945
2024-09-16,0.019760694516431716,0.013800741905129588,PETR4.SA,37.209999084472656
2024-09-17,0.01976533193644691,-0.0045790832589558406,PETR4.SA,37.040000915527344
2024-09-18,0.020391518867768958,-0.02432144368081479,PETR4.SA,36.150001525878906
2024-09-19,0.01972410045892412,0.003313975101386646,PETR4.SA,36.27000045776367
2024-09-20,0.019688632520094215,-2.758068788697443e-4,PETR4.SA,36.2599983215332
2024-09-23,0.01092261769756023,0.010152446913356261,PETR4.SA,36.630001068115234
2024-09-24,0.010813868152519083,0.004086580036558818,PETR4.SA,36.779998779296875
2024-09-25,0.010333376135691907,0.007314145163081154,PETR4.SA,37.04999923706055
2024-09-26,0.011115430332040675,-0.021828949849253654,PETR4.SA,36.25
2024-09-27,0.01105109004630461,-0.003869529108754488,PETR4.SA,36.11000061035156
2024-09-30,0.01098888758964869,-0.0027732211422768493,PETR4.SA,36.0099983215332
2024-10-01,0.012716114533169315,0.026310174917635987,PETR4.SA,36.970001220703125
2024-10-02,0.013191806133777143,0.013700639189387687,PETR4.SA,37.47999954223633
2024-10-03,0.01347641734495856,0.012198483153802009,PETR4.SA,37.939998626708984
2024-10-04,0.012707265331982704,-0.0026391800943512678,PETR4.SA,37.84000015258789
2024-10-07,0.012856985109312406,0.013909128205484844,PETR4.SA,38.369998931884766
2024-10-08,0.013128476460138745,-0.02027186660764979,PETR4.SA,37.599998474121094
2024-10-09,0.013336201656156349,-0.01015772580289065,PETR4.SA,37.220001220703125
2024-10-10,0.013300449562098828,0.011486710762822483,PETR4.SA,37.650001525878906
2024-10-11,0.013242034739093089,-7.97199293227635e-4,PETR4.SA,37.619998931884766
2024-10-14,0.012914026838697768,0.002389491511494146,PETR4.SA,37.709999084472656
2024-10-15,0.013018346605447598,-0.008254541772773738,PETR4.SA,37.400001525878906
2024-10-16,0.011737016608761114,-0.005093227465191585,PETR4.SA,37.209999084472656
2024-10-17,0.011896406611806666,-0.007553280626095393,PETR4.SA,36.93000030517578
2024-10-18,0.011921534912773982,-0.002711456954735514,PETR4.SA,36.83000183105469
2024-10-21,0.012260240420250649,-0.015873398872680244,PETR4.SA,36.25
2024-10-22,0.012231899052597724,-0.003869529108754488,PETR4.SA,36.11000061035156
2024-10-23,0.012333774606602765,-0.012540244035899928,PETR4.SA,35.65999984741211
2024-10-24,0.01153304640356771,0.006707729841793686,PETR4.SA,35.900001525878906
2024-10-25,0.011619046857587799,0.0069396528166012494,PETR4.SA,36.150001525878906
2024-10-28,0.011607453409154065,-0.0016611679317444228,PETR4.SA,36.09000015258789
2024-10-29,0.009836187220968393,-0.002219191833027434,PETR4.SA,36.0099983215332
2024-10-30,0.009194228449631456,-0.004453106566894682,PETR4.SA,35.849998474121094
2024-10-31,0.008607807807689412,0.001672279506057972,PETR4.SA,35.90999984741211
2024-11-01,0.008951312494823527,-0.013739223329631844,PETR4.SA,35.41999816894531
2024-11-04,0.008111770312363828,0.0022561158221861,PETR4.SA,35.5
2024-11-05,0.007136390653764923,-0.003103419370439564,PETR4.SA,35.38999938964844
2024-11-06,0.006967313633008333,2.82586132721363e-4,PETR4.SA,35.400001525878906
2024-11-07,0.006301451116281951,0.0031024364439034002,PETR4.SA,35.5099983215332
2024-11-08,0.007941487904641753,0.01869218871452416,PETR4.SA,36.18000030517578
2024-11-11,0.007928998347384674,0.0019328928986044325,PETR4.SA,36.25
2024-11-12,0.009007981304259168,0.018584855827415758,PETR4.SA,36.93000030517578
2024-11-13,0.008949138047199719,-0.001354809477797314,PETR4.SA,36.880001068115234
2024-11-14,0.009104730579603149,0.010519298123227827,PETR4.SA,37.27000045776367
2024-11-18,0.01054475001359361,0.024646809811236015,PETR4.SA,38.20000076293945
2024-11-19,0.010132092623233988,-0.010526453142807757,PETR4.SA,37.79999923706055
2024-11-21,0.010035027657825685,0.002905843061281388,PETR4.SA,37.90999984741211
2024-11-22,0.01234910383349578,0.03905832977144286,PETR4.SA,39.41999816894531
2024-11-25,0.012586655330472528,-0.006106834969217267,PETR4.SA,39.18000030517578
2024-11-26,0.012632429493452384,-0.0012769567865631437,PETR4.SA,39.130001068115234
2024-11-27,0.012684682856487776,-0.0035842174757489964,PETR4.SA,38.9900016784668
2024-11-28,0.013013780022234373,-0.010312066539547526,PETR4.SA,38.59000015258789
2024-11-29,0.012912793104023235,0.008001110346472995,PETR4.SA,38.900001525878906
2024-12-02,0.012909673498420777,0.006406171561928353,PETR4.SA,39.150001525878906
2024-12-03,0.012216865056402099,0.00890021049506906,PETR4.SA,39.5
2024-12-04,0.012483932950839235,-0.006349227678658753,PETR4.SA,39.25
2024-12-05,0.012376465370546517,0.009887249836004308,PETR4.SA,39.63999938964844
2024-12-06,0.013213625502704272,-0.015508144147920344,PETR4.SA,39.029998779296875
2024-12-09,0.013985310279812476,0.025548427395836626,PETR4.SA,40.040000915527344
2024-12-10,0.013667336896626666,0.0037391969788029833,PETR4.SA,40.189998626708984
2024-12-11,0.013681552476404547,0.009903560318913929,PETR4.SA,40.59000015258789
2024-12-12,0.019238791062382875,-0.0570279930126949,PETR4.SA,38.34000015258789
2024-12-13,0.019313653604664523,-0.0062794995140205145,PETR4.SA,38.099998474121094
2024-12-16,0.019237390920966865,-0.0042083137728612385,PETR4.SA,37.939998626708984
2024-12-17,0.018536905997230412,0.00944394795603154,PETR4.SA,38.29999923706055
2024-12-18,0.019324894332990165,-0.026188452225858416,PETR4.SA,37.310001373291016
2024-12-19,0.019319900162383344,-0.004028514201253941,PETR4.SA,37.15999984741211
2024-12-20,0.01690413490741882,-0.008377332611892552,PETR4.SA,36.849998474121094
2024-12-23,0.016909966566156103,2.713915728147498e-4,PETR4.SA,36.86000061035156
2024-12-26,0.017940949187075752,-0.030017402731974396,PETR4.SA,35.77000045776367
2024-12-27,0.017942641866827813,-0.003079957912315745,PETR4.SA,35.65999984741211
2024-12-30,0.018382637432055197,0.014753191472922644,PETR4.SA,36.189998626708984
2025-01-02,0.01871796082316728,0.015899508133607743,PETR4.SA,36.77000045776367
2025-01-03,0.01866442348848189,-0.010663105312627152,PETR4.SA,36.380001068115234
2025-01-06,0.018428625099501716,-0.004683903956209434,PETR4.SA,36.209999084472656
2025-01-07,0.01927066778030283,0.02104191508657305,PETR4.SA,36.97999954223633
2025-01-08,0.019057694024019446,-0.00814555787208171,PETR4.SA,36.68000030517578
2025-01-09,0.01893697474059435,0.0043525598207994065,PETR4.SA,36.84000015258789
2025-01-10,0.017785623540569014,0.002710722065820015,PETR4.SA,36.939998626708984
2025-01-13,0.01778049640765187,0.0035130713353876963,PETR4.SA,37.06999969482422
2025-01-14,0.017480629469748956,-0.006766841413605729,PETR4.SA,36.81999969482422
2025-01-15,0.012878250534829772,0.012684051225664295,PETR4.SA,37.290000915527344
2025-01-16,0.012881856946344018,-0.006456887592342753,PETR4.SA,37.04999923706055
2025-01-17,0.01291911615789783,0.004040450638288284,PETR4.SA,37.20000076293945
2025-01-20,0.012714490720490109,0.0024164369540544683,PETR4.SA,37.290000915527344
2025-01-21,0.01128914435215986,2.6808745334871986e-4,PETR4.SA,37.29999923706055
2025-01-22,0.01132515606874661,-0.005645910580139635,PETR4.SA,37.09000015258789
2025-01-23,0.011277348463877146,-0.007034615442125247,PETR4.SA,36.83000183105469
2025-01-24,0.011335307261048488,-0.005172257025501281,PETR4.SA,36.63999938964844
2025-01-27,0.009407044731900112,0.014630467353498045,PETR4.SA,37.18000030517578
2025-01-28,0.009366307970106715,-0.0013456935454660979,PETR4.SA,37.130001068115234
2025-01-29,0.009033554190022781,-0.00621370455768222,PETR4.SA,36.900001525878906
2025-01-30,0.00881570775201702,0.013191680266884553,PETR4.SA,37.38999938964844
2025-01-31,0.008516817974582442,0.007991498177464251,PETR4.SA,37.689998626708984
2025-02-03,0.008531957634362288,-0.005053837866196176,PETR4.SA,37.5
2025-02-04,0.0076057448540810665,-0.009915636020470409,PETR4.SA,37.130001068115234
2025-02-05,0.007559018197799319,-0.0072983281555751844,PETR4.SA,36.86000061035156
2025-02-06,0.007509330666064158,-0.001900874798414165,PETR4.SA,36.790000915527344
2025-02-07,0.0075815860346933614,-0.005724400983017297,PETR4.SA,36.58000183105469
2025-02-10,0.007708039922130709,0.006811087154475981,PETR4.SA,36.83000183105469
2025-02-11,0.0075574267335397185,0,PETR4.SA,36.83000183105469
2025-02-12,0.007653643065655182,-0.015046188573152097,PETR4.SA,36.279998779296875
2025-02-13,0.007575613341298186,0.001101953730463734,PETR4.SA,36.31999969482422
2025-02-14,0.01029618568285585,0.03037106959893343,PETR4.SA,37.439998626708984
2025-02-17,0.010369017645834094,0.006124358166569532,PETR4.SA,37.66999816894531
2025-02-18,0.011093122046453602,0.018151292830204557,PETR4.SA,38.36000061035156
2025-02-19,0.010968634235067908,0.0020832824501351155,PETR4.SA,38.439998626708984
2025-02-20,0.010771394574072961,0.0015596929172203566,PETR4.SA,38.5
2025-02-21,0.010700110834052513,-0.0028612481797445355,PETR4.SA,38.38999938964844
2025-02-24,0.010485052388941082,-0.007057942347805213,PETR4.SA,38.119998931884766
2025-02-25,0.010548802916100395,-0.004469526820743752,PETR4.SA,37.95000076293945
2025-02-26,0.0104129313039245,0,PETR4.SA,37.95000076293945
2025-02-27,0.012968662364158945,-0.03594808014158346,PETR4.SA,36.61000061035156
2025-02-28,0.01335953597359751,-0.0187488341848141,PETR4.SA,35.93000030517578
2025-03-05,0.01545802193785032,-0.037141090723533665,PETR4.SA,34.619998931884766
2025-03-06,0.015469318115340115,-0.01045307499156678,PETR4.SA,34.2599983215332
2025-03-07,0.01579086311768838,0.010741945354022508,PETR4.SA,34.630001068115234
2025-03-10,0.01580152551514095,-2.888703624557287e-4,PETR4.SA,34.619998931884766
2025-03-11,0.016024187371387832,-0.015134179353225807,PETR4.SA,34.099998474121094
2025-03-12,0.015864873125873372,0,PETR4.SA,34.099998474121094
2025-03-13,0.016144266871587615,0.009921300142356593,PETR4.SA,34.439998626708984
2025-03-14,0.017541120151233484,0.030314056796725275,PETR4.SA,35.5
2025-03-17,0.018074237805862318,0.018420834822807652,PETR4.SA,36.15999984741211
2025-03-18,0.01658866217527116,8.292683247743682e-4,PETR4.SA,36.189998626708984
2025-03-19,0.016488657215172158,-8.292683247743682e-4,PETR4.SA,36.15999984741211
2025-03-20,0.015833230169459887,0.002209996185908558,PETR4.SA,36.2400016784668
2025-03-21,0.016319971335493434,0.01533429695274835,PETR4.SA,36.79999923706055
2025-03-24,0.0162978029742083,-0.0013595987839889467,PETR4.SA,36.75
2025-03-25,0.016454841150565107,0.00786020883639349,PETR4.SA,37.040000915527344
2025-03-26,0.016588667348449614,0.009404838169857932,PETR4.SA,37.38999938964844
2025-03-27,0.016670381378903126,0.007460700431081602,PETR4.SA,37.66999816894531
2025-03-28,0.0167240852037985,-0.006391443026600996,PETR4.SA,37.43000030517578
2025-03-31,0.014640882538145935,-0.007239620230180321,PETR4.SA,37.15999984741211
2025-04-01,0.013910384894290629,0.003760396356231599,PETR4.SA,37.29999923706055
2025-04-02,0.010552928707897763,-0.002684524407403188,PETR4.SA,37.20000076293945
2025-04-03,0.013013015441946905,-0.032789843332115876,PETR4.SA,36
2025-04-04,0.016083069030797918,-0.04111141032461507,PETR4.SA,34.54999923706055
2025-04-07,0.018441381071390837,-0.04046023417161404,PETR4.SA,33.18000030517578
2025-04-08,0.01977780561243631,-0.03621139116015426,PETR4.SA,32
2025-04-09,0.021994788127375774,0.03982147127557667,PETR4.SA,33.29999923706055
2025-04-10,0.025916470949942885,-0.06417821743813468,PETR4.SA,31.229999542236328
2025-04-11,0.025255720362043294,0.019658237358075148,PETR4.SA,31.850000381469727
2025-04-14,0.024632727728219835,-0.0037748028269808387,PETR4.SA,31.729999542236328
2025-04-15,0.024842273445096444,-0.023275386683116572,PETR4.SA,31
2025-04-16,0.024855103348293297,0,PETR4.SA,31
2025-04-17,0.024756913260826786,-0.004850441768442515,PETR4.SA,30.850000381469727
2025-04-22,0.024274982806730537,0.0022664634699802733,PETR4.SA,30.920000076293945
2025-04-23,0.024218766709624973,-0.011384100266792707,PETR4.SA,30.56999969482422
2025-04-24,0.023915119279913223,-0.004590151982231561,PETR4.SA,30.43000030517578
2025-04-25,0.02368443486387337,0.0029532474774058848,PETR4.SA,30.520000457763672
2025-04-28,0.023373406224285936,-0.003939625551236059,PETR4.SA,30.399999618530273
2025-04-29,0.02363042140204061,0.005249350958782539,PETR4.SA,30.559999465942383
2025-04-30,0.023697563710672172,-0.0188279616936331,PETR4.SA,29.989999771118164
2025-05-02,0.02497804485082099,0.026975310145692433,PETR4.SA,30.809999465942383
2025-05-05,0.025706491272262738,-0.038039963709453506,PETR4.SA,29.65999984741211
2025-05-06,0.02589647631779145,0.016385578955580904,PETR4.SA,30.149999618530273
2025-05-07,0.024899598003512186,0.004632744743745754,PETR4.SA,30.290000915527344
2025-05-08,0.023950589422090704,0.013770649376159128,PETR4.SA,30.709999084472656
2025-05-09,0.022790840943915997,0.0064914465667991195,PETR4.SA,30.90999984741211
2025-05-12,0.02148918761967343,0.023658385329926368,PETR4.SA,31.649999618530273
2025-05-13,0.016174069691153356,0.015052069833886517,PETR4.SA,32.130001068115234
2025-05-14,0.015679946221500148,-0.006870770862984266,PETR4.SA,31.90999984741211
2025-05-15,0.015657326544975432,-0.0012542807460653727,PETR4.SA,31.8700008392334
2025-05-16,0.014666031713637073,0.004695567102482201,PETR4.SA,32.02000045776367
2025-05-19,0.014675953236215676,-0.0012500287730010662,PETR4.SA,31.979999542236328
2025-05-20,0.01460628929713013,0.004056834017820865,PETR4.SA,32.11000061035156
2025-05-21,0.0149041724615995,-0.01127480177086726,PETR4.SA,31.75
2025-05-22,0.014996876702847309,-0.013316622809772749,PETR4.SA,31.329999923706055
2025-05-23,0.014935037769177213,0.0022317782365619543,PETR4.SA,31.399999618530273
2025-05-26,0.014968201894240266,-0.0031898075944454263,PETR4.SA,31.299999237060547
2025-05-27,0.01497404437007666,0.0073214221634541055,PETR4.SA,31.530000686645508
2025-05-28,0.014991147893560649,-0.0031766348153254853,PETR4.SA,31.43000030517578
2025-05-29,0.014342158667296271,-0.006063542874251482,PETR4.SA,31.239999771118164
2025-05-30,0.01334420569909695,-0.010943146086520805,PETR4.SA,30.899999618530273
2025-06-02,0.00989700392911457,0.005808351486285446,PETR4.SA,31.079999923706055
2025-06-03,0.011619759210740953,-0.02938505959312865,PETR4.SA,30.18000030517578
2025-06-04,0.013122764976615593,-0.027886904180187244,PETR4.SA,29.350000381469727
2025-06-05,0.012630500142369874,3.406652634851959e-4,PETR4.SA,29.360000610351562
2025-06-06,0.012807214138775379,0.010503212339291856,PETR4.SA,29.670000076293945
2025-06-09,0.011690108851082353,-0.016995650379024063,PETR4.SA,29.170000076293945
2025-06-10,0.013302708769854727,0.029721849097092523,PETR4.SA,30.049999237060547
2025-06-11,0.01551463001494923,0.03273614821595272,PETR4.SA,31.049999237060547
2025-06-12,0.016392275288538923,0.022293941530532102,PETR4.SA,31.75
2025-06-13,0.017260598556044896,0.02426997762110128,PETR4.SA,32.529998779296875
2025-06-16,0.017421584018849457,-0.009885768040394094,PETR4.SA,32.209999084472656
2025-06-17,0.018096972366470898,0.022410748139404912,PETR4.SA,32.939998626708984
2025-06-18,0.017865577318672474,-9.111247400848121e-4,PETR4.SA,32.90999984741211
2025-06-20,0.017548446878132506,-0.0027384819552533912,PETR4.SA,32.81999969482422
2025-06-23,0.018604262629180125,-0.025302173563748198,PETR4.SA,32
2025-06-24,0.019165635243247225,-0.019883853844401944,PETR4.SA,31.3700008392334
2025-06-25,0.01912108417521482,-0.005113522007059945,PETR4.SA,31.209999084472656
2025-06-26,0.019201729291010987,0.007978341580552328,PETR4.SA,31.459999084472656
2025-06-27,0.019238542017679244,-0.007978341580552328,PETR4.SA,31.209999084472656
2025-06-30,0.0190984023876026,0.005432193612408653,PETR4.SA,31.3799991607666
2025-07-01,0.01907330927754362,0.003499307283862496,PETR4.SA,31.489999771118164
2025-07-02,0.01804547807179774,0.01762713171747965,PETR4.SA,32.04999923706055
2025-07-03,0.016517825847079243,0.0034262800041018338,PETR4.SA,32.15999984741211
2025-07-04,0.016542981020618804,-0.0012445837414558625,PETR4.SA,32.119998931884766
2025-07-07,0.016537712690812927,-0.0018696658082268947,PETR4.SA,32.060001373291016
2025-07-08,0.015926940892074574,0.014246108739548902,PETR4.SA,32.52000045776367
2025-07-09,0.015044021631711412,-0.006169074545408826,PETR4.SA,32.31999969482422
2025-07-10,0.013434160513691654,-0.0024782545105233034,PETR4.SA,32.2400016784668
2025-07-11,0.012793847169488991,0.012024173639324953,PETR4.SA,32.630001068115234
2025-07-14,0.011984832803327407,-0.01326566709524224,PETR4.SA,32.20000076293945
2025-07-15,0.011907592022321572,-0.007794271541421427,PETR4.SA,31.950000762939453
2025-07-16,0.010655197392656569,-0.005020400980777051,PETR4.SA,31.790000915527344
2025-07-17,0.010813503859110314,-0.01011711446467034,PETR4.SA,31.469999313354492
2025-07-18,0.011206090100505474,-0.015370124843276045,PETR4.SA,30.989999771118164
2025-07-21,0.009917203462199025,0.0019342193941795927,PETR4.SA,31.049999237060547
2025-07-22,0.009208547614143482,0.009615495438854094,PETR4.SA,31.350000381469727
2025-07-23,0.010164337188961639,0.020209067559610716,PETR4.SA,31.989999771118164
2025-07-24,0.010054474192920103,-0.0015641872991154493,PETR4.SA,31.940000534057617
2025-07-25,0.009841997286709165,0.0012515335842291364,PETR4.SA,31.979999542236328
2025-07-28,0.009792063011020728,0.0012500287730010662,PETR4.SA,32.02000045776367
2025-07-29,0.01014523705393821,0.013031465049201163,PETR4.SA,32.439998626708984
2025-07-30,0.009643125984599191,0.010121289765759656,PETR4.SA,32.77000045776367
2025-07-31,0.009691484515925303,-0.0039749652832994364,PETR4.SA,32.63999938964844
2025-08-01,0.010181189692729943,-0.013261576477001658,PETR4.SA,32.209999084472656
2025-08-04,0.01017815017839179,-0.0015534953532907458,PETR4.SA,32.15999984741211
2025-08-05,0.00969370069935405,0.0046533827738795,PETR4.SA,32.310001373291016
2025-08-06,0.009599663896340763,0.0012371514390938643,PETR4.SA,32.349998474121094
2025-08-07,0.009656188948596205,0.005548729180711476,PETR4.SA,32.529998779296875
2025-08-08,0.016914697121947275,-0.06345287372217046,PETR4.SA,30.530000686645508
2025-08-11,0.016872756915478244,0.0062040566900978256,PETR4.SA,30.719999313354492
2025-08-12,0.0168564067616058,0.002600779281037635,PETR4.SA,30.799999237060547
2025-08-13,0.016890093092907194,-0.007495539288875808,PETR4.SA,30.56999969482422
2025-08-14,0.016970106694915405,-0.012839662468333568,PETR4.SA,30.18000030517578
2025-08-15,0.01668155574008366,-3.3140775178619464e-4,PETR4.SA,30.170000076293945
2025-08-18,0.016754555810106767,0.006277916931463956,PETR4.SA,30.360000610351562
2025-08-19,0.01668210661645504,-0.010596115258359795,PETR4.SA,30.040000915527344
2025-08-20,0.015966990851201637,0.005974076750158819,PETR4.SA,30.219999313354492
2025-08-21,0.01600687135677274,0.0023137211415100722,PETR4.SA,30.290000915527344
2025-08-22,0.01610069181267389,0.005924915197939473,PETR4.SA,30.469999313354492
2025-08-25,0.016189519473649272,0.0058900794737417606,PETR4.SA,30.649999618530273
2025-08-26,0.01581642504777577,-0.007203675998566084,PETR4.SA,30.43000030517578
2025-08-27,0.015711836581714655,0.007529894529234138,PETR4.SA,30.65999984741211
2025-08-28,0.015940905274488715,0.008767728096743976,PETR4.SA,30.93000030517578
2025-08-29,0.015837339774731007,0.0054812348874579975,PETR4.SA,31.100000381469727
2025-09-01,0.015862661224403603,0.002248264775821962,PETR4.SA,31.170000076293945
2025-09-02,0.01587262624690815,0.00512000630201026,PETR4.SA,31.329999923706055
2025-09-03,0.01593553827828821,-0.008655302002772647,PETR4.SA,31.059999465942383
2025-09-04,0.01584460537295968,0,PETR4.SA,31.059999465942383
2025-09-05,0.007549573267920597,-0.015247637375181089,PETR4.SA,30.59000015258789
2025-09-08,0.007469060820763486,0.003915141489729379,PETR4.SA,30.709999084472656
2025-09-09,0.00765235924517908,0.007784719140610186,PETR4.SA,30.950000762939453
2025-09-10,0.008376984008017894,0.01793193925165326,PETR4.SA,31.510000228881836
2025-09-11,0.007785288258252806,-0.0038156116232452852,PETR4.SA,31.389999389648438
2025-09-12,0.008011830379182261,-0.006712477992542265,PETR4.SA,31.18000030517578
2025-09-15,0.008099818226309285,0.008622133988075653,PETR4.SA,31.450000762939453
2025-09-16,0.007559396967614706,0.00254048792924344,PETR4.SA,31.530000686645508
2025-09-17,0.0075602370397962115,0.00600787978506423,PETR4.SA,31.719999313354492
2025-09-18,0.008041042650360089,-0.009821066426947578,PETR4.SA,31.40999984741211
2025-09-19,0.008480607769395666,-0.011205508166459932,PETR4.SA,31.059999465942383
2025-09-22,0.008650717386319923,0.009931248429169148,PETR4.SA,31.3700008392334
2025-09-23,0.009079585589633022,0.016753948877175517,PETR4.SA,31.899999618530273
2025-09-24,0.010071043342324532,0.022319566616184616,PETR4.SA,32.619998931884766
2025-09-25,0.010270335142645423,-0.008002453397097042,PETR4.SA,32.36000061035156
2025-09-26,0.010315754731374253,-0.003405067809806095,PETR4.SA,32.25
2025-09-29,0.010884098604483772,-0.013737354269714341,PETR4.SA,31.809999465942383
2025-09-30,0.011161020658943154,-0.011063820443250272,PETR4.SA,31.459999084472656
2025-10-01,0.010987965023203759,-0.002546147968143675,PETR4.SA,31.3799991607666
2025-10-02,0.0112190709027311,-0.009606197515986903,PETR4.SA,31.079999923706055
2025-10-03,0.010654361958281927,-0.0025773185595401316,PETR4.SA,31
2025-10-06,0.010840100522589503,-0.009073318557416776,PETR4.SA,30.719999313354492
2025-10-07,0.010721529449403702,0.003574353495663818,PETR4.SA,30.829999923706055
2025-10-08,0.009892242829453482,-0.005855589487167467,PETR4.SA,30.649999618530273
2025-10-09,0.010307577851246525,-0.014459684843085796,PETR4.SA,30.209999084472656
2025-10-10,0.010375276519030908,-0.008977568264062263,PETR4.SA,29.940000534057617
2025-10-13,0.010432575834256368,0.009639396819593582,PETR4.SA,30.229999542236328
2025-10-14,0.010432539147236727,-0.006970952194732316,PETR4.SA,30.020000457763672
2025-10-15,0.010332153387337558,-0.009034709462300228,PETR4.SA,29.75
2025-10-16,0.010342971814851875,-0.010135195987780232,PETR4.SA,29.450000762939453
2025-10-17,0.010534041618716253,0.009462685608782273,PETR4.SA,29.729999542236328
2025-10-20,0.010170573859894644,6.725103789979592e-4,PETR4.SA,29.75
2025-10-21,0.009141048849313108,-0.008099935280713844,PETR4.SA,29.510000228881836
2025-10-22,0.0077125318950563215,0.01145565590724118,PETR4.SA,29.850000381469727
2025-10-23,0.008420709898289176,0.0113259087904658,PETR4.SA,30.190000534057617
2025-10-24,0.008617389092524267,-0.011660980959536715,PETR4.SA,29.84000015258789
2025-10-27,0.008524973204349811,0.005347601213060216,PETR4.SA,30
2025-10-28,0.00832129954835329,-3.3339653317643325e-4,PETR4.SA,29.989999771118164
2025-10-29,0.008355563183528921,9.998563249600245e-4,PETR4.SA,30.020000457763672
2025-10-30,0.008191765907059115,-0.004339885578017899,PETR4.SA,29.889999389648438
2025-10-31,0.008213926853909207,-0.004694823884282329,PETR4.SA,29.75
2025-11-03,0.008584840417695777,0.011696052436604099,PETR4.SA,30.100000381469727
2025-11-04,0.00862973776331216,0.004971000048607621,PETR4.SA,30.25
2025-11-05,0.0096854726324432025,0.019640578239853212,PETR4.SA,30.850000381469727
2025-11-06,0.00908438526789369,0.005172977776557897,PETR4.SA,31.010000228881836
2025-11-07,0.011771726075054018,0.037035410554374426,PETR4.SA,32.18000030517578
2025-11-10,0.011696988436183555,0.00557796000395161,PETR4.SA,32.36000061035156
2025-11-11,0.012423717030480645,0.025626787850959065,PETR4.SA,33.20000076293945
2025-11-12,0.013916218315175293,-0.025935925123456105,PETR4.SA,32.349998474121094
2025-11-13,0.01350232594522315,0.004318427562944649,PETR4.SA,32.4900016784668
2025-11-14,0.013465591894253863,0.006442699892653891,PETR4.SA,32.70000076293945
2025-11-17,0.01343165284608191,0.005489501438546096,PETR4.SA,32.880001068115234
2025-11-18,0.013083416731768242,0.0033399334453014795,PETR4.SA,32.9900016784668
2025-11-19,0.013217375307484165,-0.005166459755062025,PETR4.SA,32.81999969482422
2025-11-21,0.013399597350083092,-0.007646466445175637,PETR4.SA,32.56999969482422
2025-11-24,0.012955483564740633,-9.214799919639027e-4,PETR4.SA,32.540000915527344
2025-11-25,0.013242039117008482,-0.00802232434066985,PETR4.SA,32.279998779296875
2025-11-26,0.013264139802506032,-0.0015501239613495699,PETR4.SA,32.22999954223633
2025-11-27,0.013254365765272105,0.005260788268994787,PETR4.SA,32.400001525878906
2025-11-28,0.014107573016685315,-0.01900666617137503,PETR4.SA,31.790000915527344
2025-12-01,0.01399293811103219,0.0018855902733081464,PETR4.SA,31.850000381469727
2025-12-02,0.013883912161820647,0.006883610193892942,PETR4.SA,32.06999969482422
2025-12-03,0.013911968115593188,0.007455818150860161,PETR4.SA,32.310001373291016
2025-12-04,0.01339988873357096,0.006478476415986645,PETR4.SA,32.52000045776367
2025-12-05,0.015916490287510666,-0.03600324980065883,PETR4.SA,31.3700008392334
2025-12-08,0.013610763977337912,0.009202000677961841,PETR4.SA,31.65999984741211
2025-12-09,0.013629482397579933,0.006297274005915288,PETR4.SA,31.860000610351562
2025-12-10,0.0121748778567122,0.002507835868316377,PETR4.SA,31.940000534057617
2025-12-11,0.011367113220092715,-0.016732850814902722,PETR4.SA,31.40999984741211
2025-12-12,0.011408762188751293,0.005714310951637547,PETR4.SA,31.59000015258789
2025-12-15,0.011320308339259875,0.003476085306472143,PETR4.SA,31.700000762939453
2025-12-16,0.012921127321346253,-0.030751974286008288,PETR4.SA,30.739999771118164
2025-12-17,0.01323991662293564,0.01099979237996962,PETR4.SA,31.079999923706055
2025-12-18,0.013246267096167278,-0.005808351486285446,PETR4.SA,30.899999618530273
2025-12-19,0.013276832924879776,0.003553568934860696,PETR4.SA,31.010000228881836
2025-12-22,0.013327413528359883,0.0028980909578342207,PETR4.SA,31.100000381469727
2025-12-23,0.014284025536106804,-0.02573015800123324,PETR4.SA,30.309999465942383
2025-12-26,0.014353451666538267,0.0032938232217225583,PETR4.SA,30.40999984741211
2025-12-29,0.01455519672348068,0.010467864574495778,PETR4.SA,30.729999542236328
2025-12-30,0.014075976600190693,0.0029244587440140357,PETR4.SA,30.81999969482422
2026-01-02,0.0140587939104575,-0.0035755153493912673,PETR4.SA,30.709999084472656
2026-01-05,0.014279821096635432,-0.01674635499698418,PETR4.SA,30.200000762939453
2026-01-06,0.014468840639828902,-0.018717169807991763,PETR4.SA,29.639999389648438
2026-01-07,0.014465373587003783,0.006389816133304471,PETR4.SA,29.829999923706055
2026-01-08,0.012838922616374213,0.012327353674687291,PETR4.SA,30.200000762939453
2026-01-09,0.012636667157670721,0.0033057376920835324,PETR4.SA,30.299999237060547
2026-01-12,0.012520265554489284,0.001978285295432425,PETR4.SA,30.360000610351562
2026-01-13,0.013954249909816557,0.02536717417437373,PETR4.SA,31.139999389648438
2026-01-14,0.014797547353496492,0.026930200001024307,PETR4.SA,31.989999771118164
2026-01-15,0.014835602939294805,-0.006271543084698017,PETR4.SA,31.790000915527344
2026-01-16,0.014916232943507766,0.007833347052733863,PETR4.SA,32.040000915527344
2026-01-19,0.01297855403233669,0.004049133558182483,PETR4.SA,32.16999816894531
2026-01-20,0.012822103827224996,0.003723328790609326,PETR4.SA,32.290000915527344
2026-01-21,0.014612671551690763,0.03469609643734595,PETR4.SA,33.43000030517578
2026-01-22,0.014612862196245633,0.004476996616718409,PETR4.SA,33.58000183105469
2026-01-23,0.016960725774878956,0.042559586018728446,PETR4.SA,35.040000915527344
2026-01-26,0.015235488887461828,0.00909096283426214,PETR4.SA,35.36000061035156
2026-01-27,0.015501508126690409,0.02154231969214404,PETR4.SA,36.130001068115234
2026-01-28,0.016429461187246076,0.0329415674773621,PETR4.SA,37.34000015258789
2026-01-29,0.01635131436632982,0.009594972491063558,PETR4.SA,37.70000076293945
2026-01-30,0.016164072255985786,0.0015901821352914958,PETR4.SA,37.7599983215332
2026-02-02,0.015921172698260194,-0.013866799345900738,PETR4.SA,37.2400016784668
2026-02-03,0.014376803546786793,0.009088545229021694,PETR4.SA,37.58000183105469
2026-02-04,0.014645417642507208,-0.0015979063709501418,PETR4.SA,37.52000045776367
2026-02-05,0.015705156766635944,-0.01395622369432381,PETR4.SA,37
2026-02-06,0.01625088256158775,-0.00950444267776085,PETR4.SA,36.650001525878906
2026-02-09,0.016257694475244038,0.01811589783540768,PETR4.SA,37.31999969482422
2026-02-10,0.015986714668339074,8.035029234361168e-4,PETR4.SA,37.349998474121094
2026-02-11,0.015627596706841315,0.01935638728227529,PETR4.SA,38.08000183105469
2026-02-12,0.017149426127447805,-0.025802766487985185,PETR4.SA,37.11000061035156
2026-02-13,0.017419994240644405,-0.0059459964561896506,PETR4.SA,36.88999938964844
2026-02-18,0.01740683719493661,0.008099375947218768,PETR4.SA,37.189998626708984
2026-02-19,0.017505638668280924,0.016533783213055653,PETR4.SA,37.810001373291016
2026-02-20,0.016336913104669396,0.004222752169175781,PETR4.SA,37.970001220703125
2026-02-23,0.016475150944026087,0.016196773110747742,PETR4.SA,38.59000015258789
2026-02-24,0.014872430610586062,0.02507806818142555,PETR4.SA,39.56999969482422
2026-02-25,0.014914397075381596,0,PETR4.SA,39.56999969482422
2026-02-26,0.014460801179110536,0.0010103793578211118,PETR4.SA,39.61000061035156
2026-02-27,0.013031087211765964,-0.00709399404295219,PETR4.SA,39.33000183105469
2026-03-02,0.01604690681124198,0.044750175211681675,PETR4.SA,41.130001068115234
2026-03-03,0.016156345650782264,-0.004385979281503527,PETR4.SA,40.95000076293945
2026-03-04,0.01600343901827316,-0.011049854817585025,PETR4.SA,40.5
2026-03-05,0.01596281281931792,0.004680354151018307,PETR4.SA,40.689998626708984
2026-03-06,0.017373172381835816,0.035489572350337895,PETR4.SA,42.15999984741211
2026-03-09,0.017142571802198425,0.023442236240683645,PETR4.SA,43.15999984741211
2026-03-10,0.01694690911662213,-0.005343247509380422,PETR4.SA,42.93000030517578
2026-03-11,0.018536758399509898,0.04263723304588796,PETR4.SA,44.79999923706055
2026-03-12,0.01846825529803614,0.004454367379278956,PETR4.SA,45
2026-03-13,0.018668974802189826,-0.007360395396995845,PETR4.SA,44.66999816894531
2026-03-16,0.017290627923636035,0.026291196365452407,PETR4.SA,45.86000061035156
2026-03-17,0.016847165707572297,0.011275064118260403,PETR4.SA,46.380001068115234
2026-03-18,0.0168328127747116,0.013279246853021842,PETR4.SA,47
2026-03-19,0.01717795131946371,-0.0046918666485775695,PETR4.SA,46.779998779296875
2026-03-20,0.018815800701175698,-0.0240141479577356,PETR4.SA,45.66999816894531
2026-03-23,0.018745627074658704,0.00785174420567536,PETR4.SA,46.029998779296875
2026-03-24,0.01881720441120706,0.026582523179745188,PETR4.SA,47.27000045776367
2026-03-25,0.018727596548099756,0.004853856551429558,PETR4.SA,47.5
2026-03-26,0.0186321178626559,0.010887889285283059,PETR4.SA,48.02000045776367
2026-03-27,0.018652546421875284,0.028535229443581667,PETR4.SA,49.40999984741211
2026-03-30,0.01694988660662017,0.005248262485399557,PETR4.SA,49.66999816894531
2026-03-31,0.01797852862718754,-0.02033830603133202,PETR4.SA,48.66999816894531
2026-04-01,0.019216384037403122,-0.027073691836215108,PETR4.SA,47.369998931884766
