date,symbol,volatility,vol_pct,vol_change,vol_lag1,vol_lag5,vol_lag10,low_vol_flag,future_vol_5d,future_vol_10d,spike_5d,spike_10d,past_vol_10d,past_vol_20d,vol_drop_pct
1970-07-03,PETR4.SA,0.01328448150982304,1.328448150982304,-1.7376492613118896e-4,0.01345824643595423,0.01806770902564025,0.01739953011571216,TRUE,0.01485832063247209,0.01914159341245279,0.11847200219935525,0.4408987959596904,0.01739953011571216,0.0192489219488104,23.65034330538121
1970-09-10,PETR4.SA,0.01202185375327081,1.202185375327081,-0.00317661125119462,0.01519846500446543,0.01536315760309573,0.01555699687933976,TRUE,0.01064778744734194,0.01072864087312905,-0.11429737327781286,-0.10757183598161082,0.01555699687933976,0.01914101237155206,22.723814586372683
1970-09-11,PETR4.SA,0.01235072718638204,1.235072718638204,3.2887343311123127e-4,0.01202185375327081,0.01513335737657214,0.01555704286318891,TRUE,0.01067566232483776,0.01097816736860889,-0.13562479652139137,-0.11113190317138087,0.01555704286318891,0.01857708403235994,20.610058768904317
1970-09-12,PETR4.SA,0.01133515130545423,1.133515130545423,-0.001015575880927811,0.01235072718638204,0.01620908437649262,0.01565541460585722,TRUE,0.0108860500338969,0.01105908789162611,-0.03962022733134857,-0.02435462980501051,0.01565541460585722,0.01939290451539029,27.59596861003371
1970-09-13,PETR4.SA,0.01119307138123086,1.119307138123086,-1.4207992422336953e-4,0.01133515130545423,0.0153503522946236,0.01583894807121,TRUE,0.01078975993278438,0.01318718742531862,-0.0360322412597827,0.1781562875969504,0.01583894807121,0.01938477696084924,29.33197753469384
1970-09-14,PETR4.SA,0.01076962296129297,1.076962296129297,-4.234484199378899e-4,0.01119307138123086,0.01519846500446543,0.01559489300575349,TRUE,0.01071807368177646,0.01357511318432125,-0.004786544496662812,0.26050031956656927,0.01559489300575349,0.01827597514345143,30.941347546791842
1970-09-15,PETR4.SA,0.01064778744734194,1.064778744734194,-1.2183551395103e-4,0.01076962296129297,0.01202185375327081,0.01536315760309573,TRUE,0.01072864087312905,0.01372689056955049,0.007593448515662572,0.289177741144448,0.01536315760309573,0.01830587328950987,30.69271485442307
1970-09-16,PETR4.SA,0.01067566232483776,1.067566232483776,2.787487749581971e-5,0.01064778744734194,0.01235072718638204,0.01513335737657214,TRUE,0.01097816736860889,0.01370006171457633,0.02833595092899567,0.2832985249732065,0.01513335737657214,0.01866686043489728,29.45608790442834
1970-09-17,PETR4.SA,0.0108860500338969,1.0886050033896901,2.1038770905914064e-4,0.01067566232483776,0.01133515130545423,0.01620908437649262,TRUE,0.01105908789162611,0.0122425637190571,0.015895375934375254,0.12461027470352401,0.01620908437649262,0.01706149400169599,32.83982129376476
1970-09-18,PETR4.SA,0.01078975993278438,1.078975993278438,-9.629010111252001e-5,0.0108860500338969,0.01119307138123086,0.0153503522946236,TRUE,0.01318718742531862,0.01255633007911737,0.22219470196456587,0.16372654788780944,0.0153503522946236,0.01734780993114473,29.71001755729442
1970-09-19,PETR4.SA,0.01071807368177646,1.0718073681776459,-7.168625100792067e-5,0.01078975993278438,0.01076962296129297,0.01519846500446543,TRUE,0.01357511318432125,0.01310329078451952,0.2665627786644636,0.22254158476243324,0.01519846500446543,0.0174258912316651,29.479235708162598
1970-09-20,PETR4.SA,0.01072864087312905,1.072864087312905,1.0567191352589544e-5,0.01071807368177646,0.01064778744734194,0.01202185375327081,TRUE,0.01372689056955049,0.01287360997019383,0.2794622107196128,0.19992924755614375,0.01202185375327081,0.01555699687933976,10.757183598161083
1970-09-21,PETR4.SA,0.01097816736860889,1.097816736860889,2.495264954798411e-4,0.01072864087312905,0.01067566232483776,0.01235072718638204,TRUE,0.01370006171457633,0.01260441342786674,0.2479370421834211,0.14813456605771547,0.01235072718638204,0.01555704286318891,11.113190317138088
1970-09-22,PETR4.SA,0.01105908789162611,1.105908789162611,8.092052301721976e-5,0.01097816736860889,0.0108860500338969,0.01133515130545423,TRUE,0.0122425637190571,0.01237270448786073,0.1070138730271881,0.11878163996049651,0.01133515130545423,0.01565541460585722,2.435462980501051
1970-09-23,PETR4.SA,0.01318718742531862,1.318718742531862,0.00212809953369251,0.01105908789162611,0.01078975993278438,0.01119307138123086,TRUE,0.01255633007911737,0.0127182545068471,-0.04783865777095436,-0.03555973714085506,0.01119307138123086,0.01583894807121,-17.81562875969504
1970-09-27,PETR4.SA,0.0122425637190571,1.22425637190571,-0.0014574979955192299,0.01370006171457633,0.01105908789162611,0.0108860500338969,TRUE,0.01237270448786073,0.01416053392821964,0.010630189214457478,0.15666409856433713,0.0108860500338969,0.01620908437649262,-12.4610274703524
1970-09-28,PETR4.SA,0.01255633007911737,1.255633007911737,3.1376636006026984e-4,0.0122425637190571,0.01318718742531862,0.01078975993278438,TRUE,0.0127182545068471,0.01397026951342994,0.012895840321928934,0.11260769869885108,0.01078975993278438,0.0153503522946236,-16.372654788780945
1970-09-29,PETR4.SA,0.01310329078451952,1.3103290784519521,5.469607054021507e-4,0.01255633007911737,0.01357511318432125,0.01071807368177646,TRUE,0.01335271807464287,0.01424769808180463,0.019035469350800572,0.08733739608657197,0.01071807368177646,0.01519846500446543,-22.254158476243326
1970-09-30,PETR4.SA,0.01287360997019383,1.287360997019383,-2.2968081432569142e-4,0.01310329078451952,0.01372689056955049,0.01072864087312905,TRUE,0.01348919412140826,0.01428341509666164,0.04781752380565263,0.10951125051418532,0.01072864087312905,0.01202185375327081,-19.992924755614375
1970-10-01,PETR4.SA,0.01260441342786674,1.260441342786674,-2.691965423270888e-4,0.01287360997019383,0.01370006171457633,0.01097816736860889,TRUE,0.01437639436792054,0.01450863435172835,0.14058416523661288,0.15107572714582831,0.01097816736860889,0.01235072718638204,-14.813456605771547
1970-10-02,PETR4.SA,0.01237270448786073,1.2372704487860728,-2.3170894000601114e-4,0.01260441342786674,0.0122425637190571,0.01105908789162611,TRUE,0.01416053392821964,0.01447609651307,0.14449786965436773,0.1700026075360467,0.01105908789162611,0.01133515130545423,-11.87816399604965
1970-10-03,PETR4.SA,0.0127182545068471,1.27182545068471,3.455500189863715e-4,0.01237270448786073,0.01255633007911737,0.01318718742531862,TRUE,0.01397026951342994,0.01292795520679605,0.09844236140335091,0.016488166661239048,0.01318718742531862,0.01119307138123086,3.5559737140855057
1970-10-13,PETR4.SA,0.01292795520679605,1.2927955206796051,-0.00154814130627395,0.01447609651307,0.01397026951342994,0.0127182545068471,TRUE,0.01663323900170919,0.02725091786434602,0.2866101974862445,1.1079062719849604,0.0127182545068471,0.01318718742531862,-1.6488166661239048
1970-10-14,PETR4.SA,0.01260795976800227,1.260795976800227,-3.199954387937808e-4,0.01292795520679605,0.01424769808180463,0.01335271807464287,TRUE,0.01642584793623234,0.0286550637674204,0.302815700437075,1.2727756349718107,0.01335271807464287,0.01357511318432125,5.577578306359316
1970-11-19,PETR4.SA,0.01306178962499424,1.306178962499424,-3.116270471974804e-4,0.01337341667219172,0.01340414699621738,0.02717942337666529,TRUE,0.01200021619531464,0.0174351984032134,-0.08127319916776465,0.3348246223358607,0.02717942337666529,0.02756791257494424,51.94235932095472
1970-11-20,PETR4.SA,0.01099916174432826,1.099916174432826,-0.0020626278806659785,0.01306178962499424,0.01360123772453245,0.02716044275070722,TRUE,0.01233196834388462,0.01746127424030432,0.12117347035501343,0.5875095435621047,0.02716044275070722,0.02793867125704595,59.503010148677134
1970-11-21,PETR4.SA,0.01164580374945865,1.164580374945865,6.466420051303885e-4,0.01099916174432826,0.01366122868214079,0.0163309117775947,TRUE,0.01240869583295358,0.01740839239829329,0.06550789450924704,0.49482103363647284,0.0163309117775947,0.02823093363789767,28.688588193610936
1970-11-22,PETR4.SA,0.01164631945452473,1.1646319454524732,5.157050660814511e-7,0.01164580374945865,0.01363804423719618,0.01454460570923171,TRUE,0.01162892514634816,0.01763456840395939,-0.0014935455140562552,0.5141752270163047,0.01454460570923171,0.02806877650658152,19.92688088386877
1970-11-23,PETR4.SA,0.01135880449717914,1.135880449717914,-2.875149573455908e-4,0.01164631945452473,0.01337341667219172,0.01364819335288947,TRUE,0.01141783563767131,0.01715246951660377,0.005196950128583441,0.5100594011335821,0.01364819335288947,0.02803123285851906,16.77429969312123
1970-11-24,PETR4.SA,0.01200021619531464,1.2000216195314641,6.414116981355005e-4,0.01135880449717914,0.01306178962499424,0.01340414699621738,TRUE,0.0174351984032134,0.01703346032079419,0.45290702429351154,0.41942945389973285,0.01340414699621738,0.0261432132305521,10.473854108724154
1970-11-25,PETR4.SA,0.01233196834388462,1.2331968343884618,3.3175214856997863e-4,0.01200021619531464,0.01099916174432826,0.01360123772453245,TRUE,0.01746127424030432,0.01680599727587116,0.41593570088616927,0.3627992553358439,0.01360123772453245,0.02681899172480797,9.332013794292113
1970-11-26,PETR4.SA,0.01240869583295358,1.240869583295358,7.672748906896107e-5,0.01233196834388462,0.01164580374945865,0.01366122868214079,TRUE,0.01740839239829329,0.0174014629090835,0.40291877830239764,0.4023603401471656,0.01366122868214079,0.02692170414628383,9.168522673400782
1970-11-27,PETR4.SA,0.01162892514634816,1.162892514634816,-7.797706866054209e-4,0.01240869583295358,0.01164631945452473,0.01363804423719618,TRUE,0.01763456840395939,0.02254260758663955,0.516440099323985,0.9384945128586215,0.01363804423719618,0.02767696033441493,14.73172440201053
1970-11-28,PETR4.SA,0.01141783563767131,1.141783563767131,-2.1108950867685002e-4,0.01162892514634816,0.01135880449717914,0.01337341667219172,TRUE,0.01715246951660377,0.02329038189498259,0.5022522710006405,1.0398245897094303,0.01337341667219172,0.0276860739274171,14.62289766673304
1971-01-16,PETR4.SA,0.0133370613011473,1.3337061301147302,-3.370913400818701e-4,0.01367415264122917,0.01948159691400636,0.01966717902864159,TRUE,0.01018475897376587,0.01116264171186903,-0.2363565898216467,-0.16303588475605338,0.01966717902864159,0.01910414668215928,32.18620076766297
1971-01-17,PETR4.SA,0.01204217993149459,1.204217993149459,-0.0012948813696527107,0.0133370613011473,0.01747833583575624,0.01874010670305612,TRUE,0.01017398787408763,0.01095976752018589,-0.15513736450000826,-0.0898850887020718,0.01874010670305612,0.01865027687226369,35.741134656769255
1971-01-18,PETR4.SA,0.01207827146825129,1.207827146825129,3.60915367567001e-5,0.01204217993149459,0.01798578533085758,0.0190435777562996,TRUE,0.01120306333557811,0.01116345817582793,-0.07246137288549404,-0.07574041491185396,0.0190435777562996,0.01848372998553363,36.575618180487076
1971-01-19,PETR4.SA,0.01053536953071014,1.053536953071014,-0.00154290193754115,0.01207827146825129,0.01797423001452521,0.018876646205397,TRUE,0.0116386556207979,0.01119731401715135,0.10472210650720222,0.06283068519919216,0.018876646205397,0.01993443367640533,44.188340364730756
1971-01-20,PETR4.SA,0.01052534682370331,1.052534682370331,-1.0022707006829973e-5,0.01053536953071014,0.01367415264122917,0.0192988723674033,TRUE,0.01175619016000257,0.01172365073083082,0.11694088156101173,0.113849351208922,0.0192988723674033,0.01993852949704495,45.46133772312462
1971-01-21,PETR4.SA,0.01018475897376587,1.018475897376587,-3.405878499374397e-4,0.01052534682370331,0.0133370613011473,0.01948159691400636,TRUE,0.01116264171186903,0.01181848378076786,0.09601432303130705,0.160408784460209,0.01948159691400636,0.02002903262680859,47.721128721005904
1971-01-22,PETR4.SA,0.01017398787408763,1.0173987874087629,-1.0771099678241053e-5,0.01018475897376587,0.01204217993149459,0.01747833583575624,TRUE,0.01095976752018589,0.01347542185059545,0.07723418347092599,0.32449753404132914,0.01747833583575624,0.01995456950286615,41.790866306194715
1971-01-23,PETR4.SA,0.01120306333557811,1.120306333557811,0.0010290754614904803,0.01017398787408763,0.01207827146825129,0.01798578533085758,TRUE,0.01116345817582793,0.01194307075187166,-0.0035352080554971,0.06605402416528999,0.01798578533085758,0.02003888680887007,37.711569834221216
1971-01-24,PETR4.SA,0.0116386556207979,1.16386556207979,4.3559228521979076e-4,0.01120306333557811,0.01053536953071014,0.01797423001452521,TRUE,0.01119731401715135,0.01281540984823456,-0.03792032499508686,0.10110740155708692,0.01797423001452521,0.01989393233510403,35.24809902069491
1971-01-25,PETR4.SA,0.01175619016000257,1.175619016000257,1.175345392046695e-4,0.0116386556207979,0.01052534682370331,0.01367415264122917,TRUE,0.01172365073083082,0.01272361378811578,-0.0027678549537636043,0.08229057330193762,0.01367415264122917,0.01927387796162271,14.026188909459144
1971-01-26,PETR4.SA,0.01116264171186903,1.116264171186903,-5.9354844813354e-4,0.01175619016000257,0.01018475897376587,0.0133370613011473,TRUE,0.01181848378076786,0.0132208914921026,0.05875330283166617,0.18438733709826693,0.0133370613011473,0.01966717902864159,16.303588475605338
1971-01-27,PETR4.SA,0.01095976752018589,1.095976752018589,-2.028741916831403e-4,0.01116264171186903,0.01017398787408763,0.01204217993149459,TRUE,0.01347542185059545,0.01330968550237024,0.22953537342614105,0.21441312307548782,0.01204217993149459,0.01874010670305612,8.98850887020718
1971-01-28,PETR4.SA,0.01116345817582793,1.116345817582793,2.0369065564204009e-4,0.01095976752018589,0.01120306333557811,0.01207827146825129,TRUE,0.01194307075187166,0.0142116485981695,0.06983611742567498,0.27305073162201404,0.01207827146825129,0.0190435777562996,7.574041491185396
1971-01-29,PETR4.SA,0.01119731401715135,1.119731401715135,3.3855841323419955e-5,0.01116345817582793,0.0116386556207979,0.01053536953071014,TRUE,0.01281540984823456,0.01424831296388072,0.14450749783427635,0.2724759654017062,0.01053536953071014,0.018876646205397,-6.283068519919216
1971-01-30,PETR4.SA,0.01172365073083082,1.172365073083082,5.263367136794702e-4,0.01119731401715135,0.01175619016000257,0.01052534682370331,TRUE,0.01272361378811578,0.01480748224842565,0.0852945110907526,0.2630436191249693,0.01052534682370331,0.0192988723674033,-11.3849351208922
1971-01-31,PETR4.SA,0.01181848378076786,1.1818483780767859,9.483304993703964e-5,0.01172365073083082,0.01116264171186903,0.01018475897376587,TRUE,0.0132208914921026,0.01524884720395461,0.11866223598130832,0.29025410423365455,0.01018475897376587,0.01948159691400636,-16.0408784460209
1971-02-02,PETR4.SA,0.01194307075187166,1.194307075187166,-0.001532351098723789,0.01347542185059545,0.01116345817582793,0.01120306333557811,TRUE,0.0142116485981695,0.01452485793539812,0.1899492930611936,0.21617448620756557,0.01120306333557811,0.01798578533085758,-6.6054024165289995
1971-02-03,PETR4.SA,0.01281540984823456,1.281540984823456,8.723390963629e-4,0.01194307075187166,0.01119731401715135,0.0116386556207979,TRUE,0.01424831296388072,0.01421278104247649,0.1118109473372446,0.10903835388724849,0.0116386556207979,0.01797423001452521,-10.110740155708692
1971-02-04,PETR4.SA,0.01272361378811578,1.272361378811578,-9.179606011878137e-5,0.01281540984823456,0.01172365073083082,0.01175619016000257,TRUE,0.01480748224842565,0.01420274351694498,0.16377960656557056,0.11625075654298393,0.01175619016000257,0.01367415264122917,-8.229057330193761
1971-02-05,PETR4.SA,0.0132208914921026,1.32208914921026,4.972777039868211e-4,0.01272361378811578,0.01181848378076786,0.01116264171186903,TRUE,0.01524884720395461,0.01530198558047105,0.15339023946028096,0.15740951278600054,0.01116264171186903,0.0133370613011473,-18.438733709826693
1971-02-06,PETR4.SA,0.01330968550237024,1.330968550237024,8.879401026764058e-5,0.0132208914921026,0.01347542185059545,0.01095976752018589,TRUE,0.01524915849181735,0.01535084996846596,0.14571891943665535,0.15335933112260394,0.01095976752018589,0.01204217993149459,-21.44131230754878
1971-03-09,PETR4.SA,0.01092261769756023,1.092261769756023,-0.008766014822533977,0.01968863252009421,0.01976069451643171,0.01977372457086107,TRUE,0.01098888758964869,0.0128569851093124,0.006067217028319321,0.1770974198048007,0.01977372457086107,0.0214623369330908,44.7619609628021
1971-03-10,PETR4.SA,0.01081386815251908,1.081386815251908,-1.087495450411511e-4,0.01092261769756023,0.01976533193644691,0.02010854865363915,TRUE,0.01271611453316931,0.01312847646013874,0.1759080426930398,0.21404073685515337,0.02010854865363915,0.02169523035145728,46.222532820328446
1971-03-11,PETR4.SA,0.0103333761356919,1.03333761356919,-4.804920168271793e-4,0.01081386815251908,0.02039151886776895,0.01970342154666243,TRUE,0.01319180613377714,0.01333620165615634,0.2766211120692788,0.2905948144181608,0.01970342154666243,0.02147492549998611,47.5554227410707
1971-03-12,PETR4.SA,0.01111543033204067,1.111543033204067,7.820541963487696e-4,0.0103333761356919,0.01972410045892412,0.01947147909021757,TRUE,0.01347641734495856,0.01330044956209882,0.21240626250089933,0.19657531600551215,0.01947147909021757,0.02117755833078059,42.914299008620056
1971-03-13,PETR4.SA,0.01105109004630461,1.105109004630461,-6.434028573605935e-5,0.01111543033204067,0.01968863252009421,0.01942521043374117,TRUE,0.0127072653319827,0.01324203473909308,0.14986533262679375,0.19825598050584178,0.01942521043374117,0.0196410662888408,43.109547852778434
1971-03-14,PETR4.SA,0.01098888758964869,1.098888758964869,-6.220245665592046e-5,0.01105109004630461,0.01092261769756023,0.01976069451643171,TRUE,0.0128569851093124,0.01291402683869776,0.16999878326386927,0.17518963892783024,0.01976069451643171,0.01986516086233621,44.390175251628705
1971-03-15,PETR4.SA,0.01271611453316931,1.271611453316931,0.0017272269435206194,0.01098888758964869,0.01081386815251908,0.01976533193644691,TRUE,0.01312847646013874,0.01301834660544759,0.03242829607218509,0.02376764313422341,0.01976533193644691,0.01995361415088385,35.664553602962634
1971-03-16,PETR4.SA,0.01319180613377714,1.319180613377714,4.7569160060783114e-4,0.01271611453316931,0.0103333761356919,0.02039151886776895,TRUE,0.01333620165615634,0.01173701660876111,0.010945849333661727,-0.11027978354617375,0.02039151886776895,0.01993826382389936,35.30738823664456
1971-03-18,PETR4.SA,0.0127072653319827,1.27072653319827,-7.691520129758586e-4,0.01347641734495856,0.01105109004630461,0.01968863252009421,TRUE,0.01324203473909308,0.01192153491277398,0.04208375233689559,-0.06183316383825939,0.01968863252009421,0.02024909709099818,35.45887293587469
1971-03-19,PETR4.SA,0.0128569851093124,1.28569851093124,1.4971977732970015e-4,0.0127072653319827,0.01098888758964869,0.01092261769756023,TRUE,0.01291402683869776,0.01226024042025064,0.00443663338647275,-0.04641404528263273,0.01092261769756023,0.01977372457086107,-17.70974198048007
1971-03-20,PETR4.SA,0.01312847646013874,1.312847646013874,2.714913508263389e-4,0.0128569851093124,0.01271611453316931,0.01081386815251908,TRUE,0.01301834660544759,0.01223189905259772,-0.008388624150375031,-0.06829257075360169,0.01081386815251908,0.02010854865363915,-21.40407368551534
1971-03-21,PETR4.SA,0.01333620165615634,1.333620165615634,2.0772519601760034e-4,0.01312847646013874,0.01319180613377714,0.0103333761356919,TRUE,0.01173701660876111,0.01233377460660276,-0.11991308234732667,-0.07516585872041262,0.0103333761356919,0.01970342154666243,-29.059481441816082
1971-03-22,PETR4.SA,0.01330044956209882,1.330044956209882,-3.575209405752046e-5,0.01333620165615634,0.01347641734495856,0.01111543033204067,TRUE,0.01189640661180666,0.01153304640356771,-0.10556357089561426,-0.1328829638636825,0.01111543033204067,0.01947147909021757,-19.657531600551216
1971-03-23,PETR4.SA,0.01324203473909308,1.324203473909308,-5.8414823005739636e-5,0.01330044956209882,0.0127072653319827,0.01105109004630461,TRUE,0.01192153491277398,0.01161904685758779,-0.09972031129179303,-0.12256333059706541,0.01105109004630461,0.01942521043374117,-19.82559805058418
1971-03-24,PETR4.SA,0.01291402683869776,1.2914026838697759,-3.2800790039532075e-4,0.01324203473909308,0.0128569851093124,0.01098888758964869,TRUE,0.01226024042025064,0.01160745340915406,-0.050626069359558976,-0.10117474943047688,0.01098888758964869,0.01976069451643171,-17.518963892783024
1971-03-25,PETR4.SA,0.01301834660544759,1.301834660544759,1.0431976674983058e-4,0.01291402683869776,0.01312847646013874,0.01271611453316931,TRUE,0.01223189905259772,0.00983618722096839,-0.0604107093385251,-0.24443652338674168,0.01271611453316931,0.01976533193644691,-2.376764313422341
1971-03-26,PETR4.SA,0.01173701660876111,1.173701660876111,-0.0012813299966864793,0.01301834660544759,0.01333620165615634,0.01319180613377714,TRUE,0.01233377460660276,0.00919422844963145,0.050844095883463156,-0.21664689110447305,0.01319180613377714,0.02039151886776895,11.027978354617375
1971-03-27,PETR4.SA,0.01189640661180666,1.189640661180666,1.5939000304554876e-4,0.01173701660876111,0.01330044956209882,0.01347641734495856,TRUE,0.01153304640356771,0.00860780780768941,-0.030543694419315637,-0.27643631488297143,0.01347641734495856,0.01972410045892412,11.724263895277568
1971-03-28,PETR4.SA,0.01192153491277398,1.1921534912773981,2.5128300967321507e-5,0.01189640661180666,0.01324203473909308,0.0127072653319827,TRUE,0.01161904685758779,0.00895131249482352,-0.025373247438303718,-0.2491476508421624,0.0127072653319827,0.01968863252009421,6.183316383825939
1971-03-29,PETR4.SA,0.01226024042025064,1.226024042025064,3.3870550747665956e-4,0.01192153491277398,0.01291402683869776,0.0128569851093124,TRUE,0.01160745340915406,0.00811177031236382,-0.05324422594669112,-0.3383677616170281,0.0128569851093124,0.01092261769756023,4.641404528263273
1971-03-30,PETR4.SA,0.01223189905259772,1.2231899052597721,-2.8341367652919697e-5,0.01226024042025064,0.01301834660544759,0.01312847646013874,TRUE,0.00983618722096839,0.00713639065376492,-0.1958577177041488,-0.41657541293644457,0.01312847646013874,0.01081386815251908,6.829257075360169
1971-03-31,PETR4.SA,0.01233377460660276,1.233377460660276,1.018755540050393e-4,0.01223189905259772,0.01173701660876111,0.01333620165615634,TRUE,0.00919422844963145,0.00696731363300833,-0.2545486890356003,-0.43510288980970596,0.01333620165615634,0.0103333761356919,7.516585872041262
1971-04-01,PETR4.SA,0.01153304640356771,1.153304640356771,-8.007282030350494e-4,0.01233377460660276,0.01189640661180666,0.01330044956209882,TRUE,0.00860780780768941,0.00630145111628195,-0.2536397143926679,-0.45361781304091375,0.01330044956209882,0.01111543033204067,13.28829638636825
1971-04-02,PETR4.SA,0.01161904685758779,1.161904685758779,8.600045402007948e-5,0.01153304640356771,0.01192153491277398,0.01324203473909308,TRUE,0.00895131249482352,0.00794148790464175,-0.22960010364551653,-0.31651124210282533,0.01324203473909308,0.01105109004630461,12.256333059706542
1971-04-03,PETR4.SA,0.01160745340915406,1.160745340915406,-1.15934484337301e-5,0.01161904685758779,0.01226024042025064,0.01291402683869776,TRUE,0.00811177031236382,0.00792899834738467,-0.3011584861528212,-0.3169045726143882,0.01291402683869776,0.01098888758964869,10.11747494304769
1971-04-04,PETR4.SA,0.00983618722096839,0.9836187220968391,-0.001771266188185669,0.01160745340915406,0.01223189905259772,0.01301834660544759,TRUE,0.00713639065376492,0.00900798130425916,-0.2744759230942811,-0.08419989352619225,0.01301834660544759,0.01271611453316931,24.44365233867417
1971-04-05,PETR4.SA,0.00919422844963145,0.9194228449631451,-6.419587713369403e-4,0.00983618722096839,0.01233377460660276,0.01173701660876111,TRUE,0.00696731363300833,0.00894913804719971,-0.24220790562501046,-0.026656984191160162,0.01173701660876111,0.01319180613377714,21.664689110447306
1971-04-06,PETR4.SA,0.00860780780768941,0.860780780768941,-5.864206419420401e-4,0.00919422844963145,0.01153304640356771,0.01189640661180666,TRUE,0.00630145111628195,0.00910473057960314,-0.2679377540640693,0.05772930611552748,0.01189640661180666,0.01347641734495856,27.643631488297142
1971-04-07,PETR4.SA,0.00895131249482352,0.895131249482352,3.435046871341097e-4,0.00860780780768941,0.01161904685758779,0.01192153491277398,TRUE,0.00794148790464175,0.01054475001359361,-0.11281301940533807,0.17801160664333443,0.01192153491277398,0.0127072653319827,24.91476508421624
1971-04-08,PETR4.SA,0.00811177031236382,0.811177031236382,-8.395421824597005e-4,0.00895131249482352,0.01160745340915406,0.01226024042025064,TRUE,0.00792899834738467,0.01013209262323398,-0.022531698746520536,0.24906059134722056,0.01226024042025064,0.0128569851093124,33.83677616170281
1971-04-09,PETR4.SA,0.00713639065376492,0.713639065376492,-9.753796585988996e-4,0.00811177031236382,0.00983618722096839,0.01223189905259772,TRUE,0.00900798130425916,0.01003502765782568,0.2622601173755603,0.40617689595391415,0.01223189905259772,0.01312847646013874,41.65754129364446
1971-04-10,PETR4.SA,0.00696731363300833,0.696731363300833,-1.6907702075659014e-4,0.00713639065376492,0.00919422844963145,0.01233377460660276,TRUE,0.00894913804719971,0.01234910383349578,0.28444598859484277,0.772434037559425,0.01233377460660276,0.01333620165615634,43.51028898097059
1971-04-11,PETR4.SA,0.00630145111628195,0.630145111628195,-6.658625167263801e-4,0.00696731363300833,0.00860780780768941,0.01153304640356771,TRUE,0.00910473057960314,0.01258665533047252,0.4448625263596762,0.9974217205225316,0.01153304640356771,0.01330044956209882,45.36178130409137
1971-04-12,PETR4.SA,0.00794148790464175,0.794148790464175,0.0016400367883597994,0.00630145111628195,0.00895131249482352,0.01161904685758779,TRUE,0.01054475001359361,0.01263242949345238,0.32780533575204085,0.5906879976570645,0.01161904685758779,0.01324203473909308,31.651124210282532
1971-04-13,PETR4.SA,0.00792899834738467,0.7928998347384669,-1.2489557257079967e-5,0.00794148790464175,0.00811177031236382,0.01160745340915406,TRUE,0.01013209262323398,0.01268468285648777,0.27785278534910884,0.5997837684846705,0.01160745340915406,0.01291402683869776,31.69045726143882
1971-04-14,PETR4.SA,0.00900798130425916,0.9007981304259159,0.0010789829568744903,0.00792899834738467,0.00713639065376492,0.00983618722096839,TRUE,0.01003502765782568,0.01301378002223437,0.11401515155020485,0.44469438630841585,0.00983618722096839,0.01301834660544759,8.419989352619226
1971-04-15,PETR4.SA,0.00894913804719971,0.894913804719971,-5.884325705944951e-5,0.00900798130425916,0.00696731363300833,0.00919422844963145,TRUE,0.01234910383349578,0.01291279310402323,0.37992103466992094,0.4429091423015643,0.00919422844963145,0.01173701660876111,2.665698419116016
1971-04-16,PETR4.SA,0.00910473057960314,0.910473057960314,1.555925324034299e-4,0.00894913804719971,0.00630145111628195,0.00860780780768941,TRUE,0.01258665533047252,0.01290967349842077,0.3824302894442321,0.4179083483636131,0.00860780780768941,0.01189640661180666,-5.772930611552748
1971-04-17,PETR4.SA,0.01054475001359361,1.054475001359361,0.0014400194339904693,0.00910473057960314,0.00794148790464175,0.00895131249482352,TRUE,0.01263242949345238,0.01221686505640209,0.19798283289480262,0.15857322749737057,0.00895131249482352,0.01192153491277398,-17.801160664333445
1971-04-18,PETR4.SA,0.01013209262323398,1.0132092623233981,-4.126573903596286e-4,0.01054475001359361,0.00792899834738467,0.00811177031236382,TRUE,0.01268468285648777,0.01248393295083923,0.2519311980429813,0.23211792618360258,0.00811177031236382,0.01226024042025064,-24.906059134722057
1971-04-19,PETR4.SA,0.01003502765782568,1.003502765782568,-9.706496540830105e-5,0.01013209262323398,0.00900798130425916,0.00713639065376492,TRUE,0.01301378002223437,0.01237646537054651,0.2968354912391049,0.23332648325038666,0.00713639065376492,0.01223189905259772,-40.61768959539142
1971-04-20,PETR4.SA,0.01234910383349578,1.234910383349578,0.0023140761756701,0.01003502765782568,0.00894913804719971,0.00696731363300833,TRUE,0.01291279310402323,0.01321362550270427,0.045646168185783355,0.070006834573984,0.00696731363300833,0.01233377460660276,-77.2434037559425
1971-04-21,PETR4.SA,0.01258665533047252,1.258665533047252,2.3755149697674005e-4,0.01234910383349578,0.00910473057960314,0.00630145111628195,TRUE,0.01290967349842077,0.013985310279812471,0.025663542813174327,0.11112205050644253,0.00630145111628195,0.01153304640356771,-99.74217205225317
1971-04-22,PETR4.SA,0.01263242949345238,1.263242949345238,4.577416297986067e-5,0.01258665533047252,0.01054475001359361,0.00794148790464175,TRUE,0.01221686505640209,0.01366733689662666,-0.03289663617482963,0.08192465302978273,0.00794148790464175,0.01161904685758779,-59.068799765706444
1971-04-23,PETR4.SA,0.01268468285648777,1.268468285648777,5.225336303539031e-5,0.01263242949345238,0.01013209262323398,0.00792899834738467,TRUE,0.01248393295083923,0.01368155247640454,-0.015826166717748412,0.07858845437408046,0.00792899834738467,0.01160745340915406,-59.97837684846705
1971-04-24,PETR4.SA,0.01301378002223437,1.301378002223437,3.2909716574659915e-4,0.01268468285648777,0.01003502765782568,0.00900798130425916,TRUE,0.01237646537054651,0.01923879106238287,-0.04897229326137308,0.4783399619105989,0.00900798130425916,0.00983618722096839,-44.46943863084159
1971-04-25,PETR4.SA,0.01291279310402323,1.291279310402323,-1.0098691821113989e-4,0.01301378002223437,0.01234910383349578,0.00894913804719971,TRUE,0.01321362550270427,0.01931365360466452,0.023297236799009063,0.4956991449547022,0.00894913804719971,0.00919422844963145,-44.29091423015643
1971-04-26,PETR4.SA,0.01290967349842077,1.290967349842077,-3.119605602459885e-6,0.01291279310402323,0.01258665533047252,0.00910473057960314,TRUE,0.013985310279812471,0.01923739092096686,0.0833202157686856,0.49015317260503555,0.00910473057960314,0.00860780780768941,-41.79083483636131
1971-04-27,PETR4.SA,0.01221686505640209,1.221686505640209,-6.9280844201868e-4,0.01290967349842077,0.01263242949345238,0.01054475001359361,TRUE,0.01366733689662666,0.01853690599723041,0.11872700840421165,0.517321007611227,0.01054475001359361,0.00895131249482352,-15.857322749737058
1971-04-28,PETR4.SA,0.01248393295083923,1.248393295083923,2.6706789443714e-4,0.01221686505640209,0.01268468285648777,0.01013209262323398,TRUE,0.01368155247640454,0.01932489433299016,0.09593287069719489,0.5479812659271809,0.01013209262323398,0.00811177031236382,-23.211792618360256
1971-04-29,PETR4.SA,0.01237646537054651,1.237646537054651,-1.074675802927201e-4,0.01248393295083923,0.01301378002223437,0.01003502765782568,TRUE,0.01923879106238287,0.01931990016238334,0.554465712655514,0.5610192073385349,0.01003502765782568,0.00713639065376492,-23.332648325038665
1971-04-30,PETR4.SA,0.01321362550270427,1.321362550270427,8.371601321577604e-4,0.01237646537054651,0.01291279310402323,0.01234910383349578,TRUE,0.01931365360466452,0.01690413490741882,0.46164681303491095,0.27929574695145226,0.01234910383349578,0.00696731363300833,-7.0006834573984005
1971-05-24,PETR4.SA,0.01287825053482977,1.287825053482977,-0.004602378934919179,0.01748062946974895,0.01905769402401944,0.01838263743205519,TRUE,0.01132515606874661,0.00903355419002278,-0.12059824910866195,-0.29854181935728363,0.01838263743205519,0.01923879106238287,29.94340130773077
1971-05-25,PETR4.SA,0.01288185694634401,1.288185694634401,3.6064115142408343e-6,0.01287825053482977,0.01893697474059435,0.01871796082316728,TRUE,0.01127734846387714,0.00881570775201702,-0.12455568239501724,-0.3156493051633368,0.01871796082316728,0.01931365360466452,31.17916493125632
1971-05-26,PETR4.SA,0.01291911615789783,1.291911615789783,3.725921155381916e-5,0.01288185694634401,0.01778562354056901,0.01866442348848189,TRUE,0.01133530726104848,0.00851681797458244,-0.12259421445646812,-0.34075846439573476,0.01866442348848189,0.01923739092096686,30.782131224838423
1971-05-27,PETR4.SA,0.0127144907204901,1.27144907204901,-2.0462543740772977e-4,0.01291911615789783,0.01778049640765187,0.01842862509950171,TRUE,0.00940704473190011,0.00853195763436228,-0.2601320069595756,-0.3289579722912093,0.01842862509950171,0.01853690599723041,31.006840435242854
1971-05-28,PETR4.SA,0.01128914435215986,1.128914435215986,-0.0014253463683302405,0.0127144907204901,0.01748062946974895,0.01927066778030283,TRUE,0.00936630797010671,0.00760574485408106,-0.1703261400573082,-0.3262780050619235,0.01927066778030283,0.01932489433299016,41.41799090273947
1971-05-29,PETR4.SA,0.01132515606874661,1.1325156068746611,3.601171658675073e-5,0.01128914435215986,0.01287825053482977,0.01905769402401944,TRUE,0.00903355419002278,0.00755901819779931,-0.2023461632504857,-0.33254622259383226,0.01905769402401944,0.01931990016238334,40.5743630133168
1971-05-30,PETR4.SA,0.01127734846387714,1.127734846387714,-4.780760486947089e-5,0.01132515606874661,0.01288185694634401,0.01893697474059435,TRUE,0.00881570775201702,0.00750933066606415,-0.21828187004641067,-0.33412267164417736,0.01893697474059435,0.01690413490741882,40.4479933127735
1971-05-31,PETR4.SA,0.01133530726104848,1.1335307261048482,5.7958797171341406e-5,0.01127734846387714,0.01291911615789783,0.01778562354056901,TRUE,0.00851681797458244,0.00758158603469336,-0.24864692430095972,-0.3311530194910582,0.01778562354056901,0.0169099665661561,36.267023558703784
1971-06-01,PETR4.SA,0.00940704473190011,0.9407044731900109,-0.001928262529148371,0.01133530726104848,0.0127144907204901,0.01778049640765187,TRUE,0.00853195763436228,0.0077080399221307,-0.09302465572108248,-0.18060983637166478,0.01778049640765187,0.01794094918707575,47.0934640055844
1971-06-02,PETR4.SA,0.00936630797010671,0.936630797010671,-4.073676179340048e-5,0.00940704473190011,0.01128914435215986,0.01748062946974895,TRUE,0.00760574485408106,0.00755742673353971,-0.18796767324378208,-0.19312638900409668,0.01748062946974895,0.01794264186682781,46.4189319594266
1971-06-03,PETR4.SA,0.00903355419002278,0.903355419002278,-3.327537800839296e-4,0.00936630797010671,0.01132515606874661,0.01287825053482977,TRUE,0.00755901819779931,0.00765364306565518,-0.16322877587340312,-0.15275395435073158,0.01287825053482977,0.01838263743205519,29.854181935728363
1971-06-04,PETR4.SA,0.00881570775201702,0.881570775201702,-2.178464380057591e-4,0.00903355419002278,0.01127734846387714,0.01288185694634401,TRUE,0.00750933066606415,0.00757561334129818,-0.14818743119677188,-0.14066872968141542,0.01288185694634401,0.01871796082316728,31.56493051633368
1971-06-05,PETR4.SA,0.00851681797458244,0.851681797458244,-2.9888977743458035e-4,0.00881570775201702,0.01133530726104848,0.01291911615789783,TRUE,0.00758158603469336,0.01029618568285585,-0.10981001856329245,0.2089240034932938,0.01291911615789783,0.01866442348848189,34.075846439573475
1971-06-06,PETR4.SA,0.00853195763436228,0.8531957634362279,1.513965977983922e-5,0.00851681797458244,0.00940704473190011,0.0127144907204901,TRUE,0.0077080399221307,0.01036901764583409,-0.09656842515406645,0.21531518207182496,0.0127144907204901,0.01842862509950171,32.89579722912093
1971-06-07,PETR4.SA,0.00760574485408106,0.7605744854081059,-9.262127802812199e-4,0.00853195763436228,0.00936630797010671,0.01128914435215986,TRUE,0.00755742673353971,0.0110931220464536,-0.006352845312109497,0.4585188248198068,0.01128914435215986,0.01927066778030283,32.62780050619235
1971-06-08,PETR4.SA,0.00755901819779931,0.755901819779931,-4.672665628174984e-5,0.00760574485408106,0.00903355419002278,0.01132515606874661,TRUE,0.00765364306565518,0.0109686342350679,0.012518142618497572,0.451065991382485,0.01132515606874661,0.01905769402401944,33.254622259383225
1971-06-09,PETR4.SA,0.00750933066606415,0.750933066606415,-4.968753173515989e-5,0.00755901819779931,0.00881570775201702,0.01127734846387714,TRUE,0.00757561334129818,0.01077139457407296,0.008826708821542776,0.4344014204555662,0.01127734846387714,0.01893697474059435,33.412267164417734
1971-06-10,PETR4.SA,0.00758158603469336,0.758158603469336,7.225536862920986e-5,0.00750933066606415,0.00851681797458244,0.01133530726104848,TRUE,0.01029618568285585,0.01070011083405251,0.35805168413844723,0.4113288149852513,0.01133530726104848,0.01778562354056901,33.11530194910582
1971-06-11,PETR4.SA,0.0077080399221307,0.7708039922130699,1.264538874373401e-4,0.00758158603469336,0.00853195763436228,0.00940704473190011,TRUE,0.01036901764583409,0.01048505238894108,0.3452210614612162,0.36027479033122906,0.00940704473190011,0.01778049640765187,18.060983637166476
1971-06-12,PETR4.SA,0.00755742673353971,0.7557426733539709,-1.5061318859099e-4,0.0077080399221307,0.00760574485408106,0.00936630797010671,TRUE,0.0110931220464536,0.01054880291610039,0.4678438094837949,0.3958194089113708,0.00936630797010671,0.01748062946974895,19.312638900409667
1971-06-13,PETR4.SA,0.00765364306565518,0.765364306565518,9.62163321154702e-5,0.00755742673353971,0.00755901819779931,0.00903355419002278,TRUE,0.0109686342350679,0.0104129313039245,0.43312591676614137,0.3605195871559912,0.00903355419002278,0.01287825053482977,15.275395435073158
1971-06-14,PETR4.SA,0.00757561334129818,0.757561334129818,-7.802972435700002e-5,0.00765364306565518,0.00750933066606415,0.00881570775201702,TRUE,0.01077139457407296,0.01296866236415894,0.421851154328732,0.7118960247694731,0.00881570775201702,0.01288185694634401,14.066872968141542
1971-06-15,PETR4.SA,0.01029618568285585,1.029618568285585,0.0027205723415576694,0.00757561334129818,0.00758158603469336,0.00851681797458244,TRUE,0.01070011083405251,0.01335953597359751,0.03923056203903113,0.2975228288513131,0.00851681797458244,0.01291911615789783,-20.892400349329378
1971-06-16,PETR4.SA,0.01036901764583409,1.036901764583409,7.283196297824118e-5,0.01029618568285585,0.0077080399221307,0.00853195763436228,TRUE,0.01048505238894108,0.01545802193785032,0.01119052422035455,0.490789433082006,0.00853195763436228,0.0127144907204901,-21.531518207182497
1971-06-17,PETR4.SA,0.0110931220464536,1.10931220464536,7.241044006195095e-4,0.01036901764583409,0.00755742673353971,0.00760574485408106,TRUE,0.01054880291610039,0.01546931811534011,-0.0490681638653048,0.3944963420181203,0.00760574485408106,0.01128914435215986,-45.85188248198068
1971-06-18,PETR4.SA,0.0109686342350679,1.09686342350679,-1.2448781138569946e-4,0.0110931220464536,0.00765364306565518,0.00755901819779931,TRUE,0.0104129313039245,0.01579086311768838,-0.05066291018865031,0.4396380423738896,0.00755901819779931,0.01132515606874661,-45.1065991382485
1971-06-19,PETR4.SA,0.01077139457407296,1.0771394574072959,-1.9723966099494117e-4,0.0109686342350679,0.00757561334129818,0.00750933066606415,TRUE,0.01296866236415894,0.01580152551514095,0.20399102223725643,0.46698975759143146,0.00750933066606415,0.01127734846387714,-43.44014204555662
1971-06-20,PETR4.SA,0.01070011083405251,1.070011083405251,-7.128374002044954e-5,0.01077139457407296,0.01029618568285585,0.00758158603469336,TRUE,0.01335953597359751,0.01602418737138783,0.24854183108847128,0.49757209246765377,0.00758158603469336,0.01133530726104848,-41.13288149852513
1971-06-21,PETR4.SA,0.01048505238894108,1.048505238894108,-2.1505844511142923e-4,0.01070011083405251,0.01036901764583409,0.0077080399221307,TRUE,0.01545802193785032,0.01586487312587337,0.4742913401323955,0.5130943115369225,0.0077080399221307,0.00940704473190011,-36.02747903312291
1971-06-22,PETR4.SA,0.01054880291610039,1.054880291610039,6.375052715930883e-5,0.01048505238894108,0.0110931220464536,0.00755742673353971,TRUE,0.01546931811534011,0.01614426687158761,0.46645247222598635,0.5304359177046519,0.00755742673353971,0.00936630797010671,-39.58194089113708
1971-06-23,PETR4.SA,0.0104129313039245,1.04129313039245,-1.3587161217588906e-4,0.01054880291610039,0.0109686342350679,0.00765364306565518,TRUE,0.01579086311768838,0.01754112015123348,0.5164666563906942,0.6845516060038211,0.00765364306565518,0.00903355419002278,-36.05195871559912
1971-06-24,PETR4.SA,0.01296866236415894,1.296866236415894,0.0025557310602344393,0.0104129313039245,0.01077139457407296,0.00757561334129818,TRUE,0.01580152551514095,0.01807423780586231,0.21843911665177596,0.3936855859408816,0.00757561334129818,0.00881570775201702,-71.18960247694731
1971-07-16,PETR4.SA,0.01055292870789776,1.0552928707897762,-0.0033574561863928595,0.01391038489429062,0.01658866734844961,0.01648865721517215,TRUE,0.02199478812737577,0.02485510334829329,1.0842354512368664,1.3552801346693313,0.01648865721517215,0.01545802193785032,35.99885927528768
1971-07-17,PETR4.SA,0.0130130154419469,1.30130154419469,0.0024600867340491394,0.01055292870789776,0.01667038137890312,0.01583323016945988,TRUE,0.02591647094994288,0.02475691326082678,0.9915807420317231,0.9024732100927142,0.01583323016945988,0.01546931811534011,17.811998545646016
1971-08-24,PETR4.SA,0.01334420569909695,1.334420569909695,-9.979529681993192e-4,0.01434215866729627,0.01493503776917721,0.01466603171363707,TRUE,0.01280721413877537,0.01726059855604489,-0.04024155295791939,0.29349014435628606,0.01466603171363707,0.02497804485082099,9.012840285290215
1971-08-25,PETR4.SA,0.00989700392911457,0.989700392911457,-0.0034472017699823804,0.01334420569909695,0.01496820189424026,0.01467595323621567,TRUE,0.01169010885108235,0.01742158401884945,0.18117653936590883,0.760288683689354,0.01467595323621567,0.02570649127226273,32.56312711128124
1971-08-26,PETR4.SA,0.01161975921074095,1.161975921074095,0.0017227552816263796,0.00989700392911457,0.01497404437007666,0.01460628929713013,TRUE,0.01330270876985472,0.01809697236647089,0.1448351492136002,0.5574309276342495,0.01460628929713013,0.02589647631779145,20.446877544565538
1971-08-27,PETR4.SA,0.01312276497661559,1.312276497661559,0.0015030057658746415,0.01161975921074095,0.01499114789356064,0.0149041724615995,TRUE,0.01551463001494923,0.01786557731867247,0.18226837427903939,0.3614186759046925,0.0149041724615995,0.02489959800351218,11.952407888285604
1971-08-28,PETR4.SA,0.01263050014236987,1.2630500142369872,-4.922648342457203e-4,0.01312276497661559,0.01434215866729627,0.0149968767028473,TRUE,0.01639227528853892,0.0175484468781325,0.2978326355858165,0.3893707042736212,0.0149968767028473,0.0239505894220907,15.779129263816316
1971-08-29,PETR4.SA,0.01280721413877537,1.2807214138775371,1.767139964055e-4,0.01263050014236987,0.01334420569909695,0.01493503776917721,TRUE,0.01726059855604489,0.01860426262918012,0.34772467837375853,0.4526393037228521,0.01493503776917721,0.02279084094391599,14.247192831297834
1971-08-30,PETR4.SA,0.01169010885108235,1.169010885108235,-0.0011171052876930206,0.01280721413877537,0.00989700392911457,0.01496820189424026,TRUE,0.01742158401884945,0.01916563524324722,0.49028415738288367,0.6394744897069745,0.01496820189424026,0.02148918761967343,21.900379660293837
1971-08-31,PETR4.SA,0.01330270876985472,1.330270876985472,0.00161259991877237,0.01169010885108235,0.01161975921074095,0.01497404437007666,TRUE,0.01809697236647089,0.01912108417521482,0.3603975460607284,0.4373827545969528,0.01497404437007666,0.01617406969115335,11.16155100730066
1971-09-22,PETR4.SA,0.01279384716948899,1.279384716948899,-6.403133442026612e-4,0.01343416051369165,0.0165429810206188,0.01923854201767924,TRUE,0.01120609010050547,0.00984199728670916,-0.12410317615564709,-0.2307241788708761,0.01923854201767924,0.01639227528853892,33.49887347111806
1971-09-23,PETR4.SA,0.0119848328033274,1.19848328033274,-8.090143661615892e-4,0.01279384716948899,0.01653771269081292,0.0190984023876026,TRUE,0.00991720346219902,0.00979206301102072,-0.17252049945614056,-0.18296206783109173,0.0190984023876026,0.01726059855604489,37.24693531901313
1971-09-24,PETR4.SA,0.01190759202232157,1.190759202232157,-7.724078100583044e-5,0.0119848328033274,0.01592694089207457,0.01907330927754362,TRUE,0.00920854761414348,0.01014523705393821,-0.22666584504394777,-0.1480026326968298,0.01907330927754362,0.01742158401884945,37.56934442235866
1971-09-25,PETR4.SA,0.01065519739265656,1.065519739265656,-0.0012523946296650098,0.01190759202232157,0.01504402163171141,0.01804547807179774,TRUE,0.01016433718896163,0.00964312598459919,-0.04606767811108081,-0.09498382533531277,0.01804547807179774,0.01809697236647089,40.95364306635375
1971-09-26,PETR4.SA,0.01081350385911031,1.081350385911031,1.583064664537493e-4,0.01065519739265656,0.01343416051369165,0.01651782584707924,TRUE,0.0100544741929201,0.0096914845159253,-0.07019275861734037,-0.10376094167106768,0.01651782584707924,0.01786557731867247,34.53433908783822
1971-09-27,PETR4.SA,0.01120609010050547,1.120609010050547,3.9258624139516113e-4,0.01081350385911031,0.01279384716948899,0.0165429810206188,TRUE,0.00984199728670916,0.01018118969272994,-0.12172781064242745,-0.09145923320117699,0.0165429810206188,0.0175484468781325,32.26075707553281
1971-09-28,PETR4.SA,0.00991720346219902,0.991720346219902,-0.0012888866383064506,0.01120609010050547,0.0119848328033274,0.01653771269081292,TRUE,0.00979206301102072,0.01017815017839179,-0.01261852211213505,0.026312530259907364,0.01653771269081292,0.01860426262918012,40.03279868498227
1971-09-29,PETR4.SA,0.00920854761414348,0.920854761414348,-7.086558480555397e-4,0.00991720346219902,0.01190759202232157,0.01592694089207457,TRUE,0.01014523705393821,0.00969370069935405,0.10171956306725946,0.0526850818977598,0.01592694089207457,0.01916563524324722,42.18257180369295
1971-09-30,PETR4.SA,0.01016433718896163,1.016433718896163,9.5578957481815e-4,0.00920854761414348,0.01065519739265656,0.01504402163171141,TRUE,0.00964312598459919,0.00959966389634076,-0.051278425210890384,-0.05555436445320801,0.01504402163171141,0.01912108417521482,32.43603713294226
1971-10-01,PETR4.SA,0.0100544741929201,1.00544741929201,-1.0986299604152927e-4,0.01016433718896163,0.01081350385911031,0.01343416051369165,TRUE,0.0096914845159253,0.0096561889485962,-0.03610230331591106,-0.03961273724332154,0.01343416051369165,0.01920172929101098,25.157406131384878
1971-10-02,PETR4.SA,0.00984199728670916,0.984199728670916,-2.12476906210941e-4,0.0100544741929201,0.01120609010050547,0.01279384716948899,TRUE,0.01018118969272994,0.01691469712194727,0.03446377763981223,0.7186244447343259,0.01279384716948899,0.01923854201767924,23.07241788708761
1971-10-03,PETR4.SA,0.00979206301102072,0.979206301102072,-4.993427568844057e-5,0.00984199728670916,0.00991720346219902,0.0119848328033274,TRUE,0.01017815017839179,0.01687275691547824,0.03942858281615825,0.7231054269655312,0.0119848328033274,0.0190984023876026,18.296206783109174
1971-10-04,PETR4.SA,0.01014523705393821,1.014523705393821,3.5317404291749024e-4,0.00979206301102072,0.00920854761414348,0.01190759202232157,TRUE,0.00969370069935405,0.0168564067616058,-0.04450722562553438,0.6615094030811659,0.01190759202232157,0.01907330927754362,14.800263269682981
1971-10-05,PETR4.SA,0.00964312598459919,0.9643125984599189,-5.021110693390202e-4,0.01014523705393821,0.01016433718896163,0.01065519739265656,TRUE,0.00959966389634076,0.01689009309290719,-0.0045070538669557654,0.7515163775607581,0.01065519739265656,0.01804547807179774,9.498382533531277
1971-10-06,PETR4.SA,0.0096914845159253,0.9691484515925299,4.835853132610993e-5,0.00964312598459919,0.0100544741929201,0.01081350385911031,TRUE,0.0096561889485962,0.0169701066949154,-0.0036419154641480567,0.7510327408592236,0.01081350385911031,0.01651782584707924,10.376094167106768
1971-10-07,PETR4.SA,0.01018118969272994,1.018118969272994,4.897051768046404e-4,0.0096914845159253,0.00984199728670916,0.01120609010050547,TRUE,0.01691469712194727,0.01668155574008366,0.6613674464807893,0.6384682186989822,0.01120609010050547,0.0165429810206188,9.1459233201177
1971-10-08,PETR4.SA,0.01017815017839179,1.017815017839179,-3.039514338150015e-6,0.01018118969272994,0.00979206301102072,0.00991720346219902,TRUE,0.01687275691547824,0.01675455581010676,0.6577429709476188,0.646129750146218,0.00991720346219902,0.01653771269081292,-2.6312530259907363
1971-10-09,PETR4.SA,0.00969370069935405,0.969370069935405,-4.844494790377397e-4,0.01017815017839179,0.01014523705393821,0.00920854761414348,TRUE,0.0168564067616058,0.01668210661645504,0.7389031582880462,0.7209223942272809,0.00920854761414348,0.01592694089207457,-5.26850818977598
1971-10-10,PETR4.SA,0.00959966389634076,0.959966389634076,-9.403680301329001e-5,0.00969370069935405,0.00964312598459919,0.01016433718896163,TRUE,0.01689009309290719,0.01596699085120163,0.7594462967964355,0.6632864466523661,0.01016433718896163,0.01504402163171141,5.555436445320801
1971-10-11,PETR4.SA,0.0096561889485962,0.9656188948596199,5.652505225543954e-5,0.00959966389634076,0.0096914845159253,0.0100544741929201,TRUE,0.0169701066949154,0.01600687135677274,0.7574331638759499,0.6576800062616619,0.0100544741929201,0.01343416051369165,3.9612737243321536
1971-11-01,PETR4.SA,0.00754957326792059,0.754957326792059,-0.008295032105039093,0.01584460537295968,0.015837339774731,0.01610069181267389,TRUE,0.00801183037918226,0.00848060776939566,0.06122956819637452,0.12332279831380567,0.01610069181267389,0.01691469712194727,53.11025541164738
1971-11-02,PETR4.SA,0.00746906082076348,0.746906082076348,-8.051244715710955e-5,0.00754957326792059,0.0158626612244036,0.01618951947364927,TRUE,0.00809981822630928,0.00865071738631992,0.08444935992385247,0.158206847408648,0.01618951947364927,0.01687275691547824,53.86483933065195
1971-11-03,PETR4.SA,0.00765235924517908,0.765235924517908,1.8329842441560003e-4,0.00746906082076348,0.01587262624690815,0.01581642504777577,TRUE,0.0075593969676147,0.00907958558963302,-0.012148185230972528,0.18650801651178106,0.01581642504777577,0.0168564067616058,51.61764291194733
1971-11-04,PETR4.SA,0.00837698400801789,0.837698400801789,7.246247628388105e-4,0.00765235924517908,0.01593553827828821,0.01571183658171465,TRUE,0.00756023703979621,0.01007104334232453,-0.09749892890328371,0.2022278343476839,0.01571183658171465,0.01689009309290719,46.68361038220713
1971-11-05,PETR4.SA,0.0077852882582528,0.7785288258252799,-5.916957497650909e-4,0.00837698400801789,0.01584460537295968,0.01594090527448871,TRUE,0.00804104265036008,0.01027033514264542,0.03285098555421729,0.31919779999903597,0.01594090527448871,0.0169701066949154,51.16156752582859
1971-11-06,PETR4.SA,0.00801183037918226,0.801183037918226,2.2654212092945974e-4,0.0077852882582528,0.00754957326792059,0.015837339774731,TRUE,0.00848060776939566,0.01031575473137425,0.058510648382104964,0.2875652932166973,0.015837339774731,0.01668155574008366,49.411766792012635
1971-11-07,PETR4.SA,0.00809981822630928,0.809981822630928,8.798784712702075e-5,0.00801183037918226,0.00746906082076348,0.0158626612244036,TRUE,0.00865071738631992,0.01088409860448377,0.06801376828695312,0.34374603236536583,0.0158626612244036,0.01675455581010676,48.93783513545461
1971-11-08,PETR4.SA,0.0075593969676147,0.75593969676147,-5.404212586945806e-4,0.00809981822630928,0.00765235924517908,0.01587262624690815,TRUE,0.00907958558963302,0.01116102065894315,0.20109919197668527,0.4764432542381633,0.01587262624690815,0.01668210661645504,52.37463007051398
1971-11-09,PETR4.SA,0.00756023703979621,0.7560237039796209,8.400721815101167e-7,0.0075593969676147,0.00837698400801789,0.01593553827828821,TRUE,0.01007104334232453,0.01098796502320375,0.33210682275062636,0.4533889566377851,0.01593553827828821,0.01596699085120163,52.55737893650665
1971-11-10,PETR4.SA,0.00804104265036008,0.804104265036008,4.8080561056387024e-4,0.00756023703979621,0.0077852882582528,0.01584460537295968,TRUE,0.01027033514264542,0.0112190709027311,0.27723923242535115,0.3952258917851538,0.01584460537295968,0.01600687135677274,49.2505968997948
1971-11-11,PETR4.SA,0.00848060776939566,0.8480607769395659,4.395651190355794e-4,0.00804104265036008,0.00801183037918226,0.00754957326792059,TRUE,0.01031575473137425,0.01065436195828192,0.21639333074702088,0.2563205666380165,0.00754957326792059,0.01610069181267389,-12.332279831380568
1971-11-12,PETR4.SA,0.00865071738631992,0.8650717386319919,1.7010961692425983e-4,0.00848060776939566,0.00809981822630928,0.00746906082076348,TRUE,0.01088409860448377,0.0108401005225895,0.2581729489505319,0.2530868873062284,0.00746906082076348,0.01618951947364927,-15.820684740864799
1971-11-13,PETR4.SA,0.00907958558963302,0.907958558963302,4.288682033131014e-4,0.00865071738631992,0.0075593969676147,0.00765235924517908,TRUE,0.01116102065894315,0.0107215294494037,0.22924339979642813,0.18083907503944177,0.00765235924517908,0.01581642504777577,-18.650801651178107
1971-11-14,PETR4.SA,0.01007104334232453,1.007104334232453,9.914577526915092e-4,0.00907958558963302,0.00756023703979621,0.00837698400801789,TRUE,0.01098796502320375,0.00989224282945348,0.09104535148069205,-0.017753921494868645,0.00837698400801789,0.01571183658171465,-20.22278343476839
1971-11-15,PETR4.SA,0.01027033514264542,1.027033514264542,1.9929180032089017e-4,0.01007104334232453,0.00804104265036008,0.0077852882582528,TRUE,0.0112190709027311,0.01030757785124652,0.0923763194587733,0.0036262408269869344,0.0077852882582528,0.01594090527448871,-31.919779999903596
1971-11-16,PETR4.SA,0.01031575473137425,1.031575473137425,4.5419588728829244e-5,0.01027033514264542,0.00848060776939566,0.00801183037918226,TRUE,0.01065436195828192,0.0103752765190309,0.032824280503474336,0.005769988644226149,0.00801183037918226,0.015837339774731,-28.75652932166973
1971-11-17,PETR4.SA,0.01088409860448377,1.088409860448377,5.683438731095211e-4,0.01031575473137425,0.00865071738631992,0.00809981822630928,TRUE,0.0108401005225895,0.01043257583425636,-0.004042418531208966,-0.041484626943879686,0.00809981822630928,0.0158626612244036,-34.374603236536586
1971-11-18,PETR4.SA,0.01116102065894315,1.116102065894315,2.7692205445938034e-4,0.01088409860448377,0.00907958558963302,0.0075593969676147,TRUE,0.0107215294494037,0.01043253914723672,-0.03937733142598323,-0.06527015171526535,0.0075593969676147,0.01587262624690815,-47.64432542381633
1971-11-19,PETR4.SA,0.01098796502320375,1.098796502320375,-1.7305563573940044e-4,0.01116102065894315,0.01007104334232453,0.00756023703979621,TRUE,0.00989224282945348,0.01033215338733755,-0.09972021128902274,-0.0596845398107198,0.00756023703979621,0.01593553827828821,-45.33889566377851
1971-11-20,PETR4.SA,0.0112190709027311,1.1219070902731099,2.3110587952734907e-4,0.01098796502320375,0.01027033514264542,0.00804104265036008,TRUE,0.01030757785124652,0.01034297181485187,-0.08124496755454962,-0.07809016410315742,0.00804104265036008,0.01584460537295968,-39.52258917851538
1971-11-21,PETR4.SA,0.01065436195828192,1.065436195828192,-5.647089444491792e-4,0.0112190709027311,0.01031575473137425,0.00848060776939566,TRUE,0.0103752765190309,0.01053404161871625,-0.026194476998604197,-0.011293059127969898,0.00848060776939566,0.00754957326792059,-25.63205666380165
1971-11-22,PETR4.SA,0.0108401005225895,1.08401005225895,1.8573856430757936e-4,0.01065436195828192,0.01088409860448377,0.00865071738631992,TRUE,0.01043257583425636,0.01017057385989464,-0.037594179821848164,-0.061763879523039855,0.00865071738631992,0.00746906082076348,-25.30868873062284
1971-11-23,PETR4.SA,0.0107215294494037,1.07215294494037,-1.1857107318579904e-4,0.0108401005225895,0.01116102065894315,0.00907958558963302,TRUE,0.01043253914723672,0.0091410488493131,-0.02695420495095994,-0.14741186017807398,0.00907958558963302,0.00765235924517908,-18.08390750394418
1971-11-24,PETR4.SA,0.00989224282945348,0.989224282945348,-8.292866199502199e-4,0.0107215294494037,0.01098796502320375,0.01007104334232453,TRUE,0.01033215338733755,0.00771253189505632,0.04447025467007997,-0.22034547392096154,0.01007104334232453,0.00837698400801789,1.7753921494868645
1971-11-25,PETR4.SA,0.01030757785124652,1.0307577851246519,4.153350217930389e-4,0.00989224282945348,0.0112190709027311,0.01027033514264542,TRUE,0.01034297181485187,0.00842070989828917,0.003433780866478698,-0.1830563863002175,0.01027033514264542,0.0077852882582528,-0.36262408269869345
1971-11-26,PETR4.SA,0.0103752765190309,1.03752765190309,6.769866778438133e-5,0.01030757785124652,0.01065436195828192,0.01031575473137425,TRUE,0.01053404161871625,0.00861738909252426,0.015302252368323178,-0.16943041694187397,0.01031575473137425,0.00801183037918226,-0.5769988644226149
1971-11-27,PETR4.SA,0.01043257583425636,1.043257583425636,5.729931522545882e-5,0.0103752765190309,0.0108401005225895,0.01088409860448377,TRUE,0.01017057385989464,0.00852497320434981,-0.025113833680596005,-0.1828505884081623,0.01088409860448377,0.00809981822630928,4.148462694387969
1971-11-28,PETR4.SA,0.01043253914723672,1.0432539147236721,-3.668701963922827e-8,0.01043257583425636,0.0107215294494037,0.01116102065894315,TRUE,0.0091410488493131,0.00832129954835329,-0.12379443582205003,-0.20237063758755572,0.01116102065894315,0.0075593969676147,6.527015171526535
1971-11-29,PETR4.SA,0.01033215338733755,1.033215338733755,-1.0038575989917108e-4,0.01043253914723672,0.00989224282945348,0.01098796502320375,TRUE,0.00771253189505632,0.00835556318352892,-0.2535407087056679,-0.19130476771967178,0.01098796502320375,0.00756023703979621,5.968453981071979
1971-11-30,PETR4.SA,0.01034297181485187,1.034297181485187,1.0818427514320064e-5,0.01033215338733755,0.01030757785124652,0.0112190709027311,TRUE,0.00842070989828917,0.00819176590705911,-0.18585199215204756,-0.20798721550258506,0.0112190709027311,0.00804104265036008,7.809016410315742
1971-12-01,PETR4.SA,0.01053404161871625,1.053404161871625,1.9106980386437988e-4,0.01034297181485187,0.0103752765190309,0.01065436195828192,TRUE,0.00861738909252426,0.0082139268539092,-0.18194844823724604,-0.2202492498876034,0.01065436195828192,0.00848060776939566,1.1293059127969898
1971-12-02,PETR4.SA,0.01017057385989464,1.017057385989464,-3.63467758821609e-4,0.01053404161871625,0.01043257583425636,0.0108401005225895,TRUE,0.00852497320434981,0.00858484041769577,-0.16180017747414283,-0.15591386130647472,0.0108401005225895,0.00865071738631992,6.176387952303985
1971-12-03,PETR4.SA,0.0091410488493131,0.9141048849313099,-0.0010295250105815407,0.01017057385989464,0.01043253914723672,0.0107215294494037,TRUE,0.00832129954835329,0.00862973776331216,-0.08967781645991409,-0.05593571311451439,0.0107215294494037,0.00907958558963302,14.741186017807397
1971-12-04,PETR4.SA,0.00771253189505632,0.7712531895056319,-0.0014285169542567798,0.0091410488493131,0.01033215338733755,0.00989224282945348,TRUE,0.00835556318352892,0.0096854726324432,0.08337486278465549,0.25580973462832907,0.00989224282945348,0.01007104334232453,22.034547392096155
1971-12-05,PETR4.SA,0.00842070989828917,0.842070989828917,7.081780032328509e-4,0.00771253189505632,0.01034297181485187,0.01030757785124652,TRUE,0.00819176590705911,0.00908438526789369,-0.02718820550706476,0.07881465786386466,0.01030757785124652,0.01027033514264542,18.30563863002175
1971-12-06,PETR4.SA,0.00861738909252426,0.861738909252426,1.9667919423508977e-4,0.00842070989828917,0.01053404161871625,0.0103752765190309,TRUE,0.0082139268539092,0.01177172607505401,-0.04681954525705135,0.3660432352145029,0.0103752765190309,0.01031575473137425,16.943041694187396
1971-12-07,PETR4.SA,0.00852497320434981,0.8524973204349809,-9.241588817445086e-5,0.00861738909252426,0.01017057385989464,0.01043257583425636,TRUE,0.00858484041769577,0.01169698843618355,0.00702256909328627,0.3720850676944346,0.01043257583425636,0.01088409860448377,18.28505884081623
1971-12-08,PETR4.SA,0.00832129954835329,0.832129954835329,-2.0367365599651896e-4,0.00852497320434981,0.0091410488493131,0.01043253914723672,TRUE,0.00862973776331216,0.01242371703048064,0.037066111268630714,0.4930020194909556,0.01043253914723672,0.01116102065894315,20.23706375875557
1971-12-09,PETR4.SA,0.00835556318352892,0.8355563183528919,3.426363517562876e-5,0.00832129954835329,0.00771253189505632,0.01033215338733755,TRUE,0.0096854726324432,0.01391621831517529,0.15916454937901656,0.665503331075029,0.01033215338733755,0.01098796502320375,19.130476771967178
1971-12-10,PETR4.SA,0.00819176590705911,0.819176590705911,-1.637972764698091e-4,0.00835556318352892,0.00842070989828917,0.01034297181485187,TRUE,0.00908438526789369,0.01350232594522315,0.10896543809502429,0.6482802485344166,0.01034297181485187,0.0112190709027311,20.798721550258506
1971-12-11,PETR4.SA,0.0082139268539092,0.82139268539092,2.2160946850089888e-5,0.00819176590705911,0.00861738909252426,0.01053404161871625,TRUE,0.01177172607505401,0.01346559189425386,0.43314230628333017,0.6393610673371493,0.01053404161871625,0.01065436195828192,22.02492498876034
1971-12-12,PETR4.SA,0.00858484041769577,0.858484041769577,3.7091356378657e-4,0.0082139268539092,0.00852497320434981,0.01017057385989464,TRUE,0.01169698843618355,0.01343165284608191,0.36251670002773345,0.5645780460164986,0.01017057385989464,0.0108401005225895,15.591386130647471
1971-12-13,PETR4.SA,0.00862973776331216,0.862973776331216,4.4897345616390014e-5,0.00858484041769577,0.00832129954835329,0.0091410488493131,TRUE,0.01242371703048064,0.01308341673176824,0.439640157236055,0.5160850874739354,0.0091410488493131,0.0107215294494037,5.593571311451439
1971-12-14,PETR4.SA,0.0096854726324432,0.9685472632443201,0.0010557348691310406,0.00862973776331216,0.00835556318352892,0.00771253189505632,TRUE,0.01391621831517529,0.01321737530748416,0.4368135498685381,0.36465981672491926,0.00771253189505632,0.00989224282945348,-25.580973462832908
1971-12-15,PETR4.SA,0.00908438526789369,0.908438526789369,-6.010873645495105e-4,0.0096854726324432,0.00819176590705911,0.00842070989828917,TRUE,0.01350232594522315,0.01339959735008309,0.48632246949537467,0.4750142089900517,0.00842070989828917,0.01030757785124652,-7.881465786386466
1971-12-16,PETR4.SA,0.01177172607505401,1.177172607505401,0.0026873408071603194,0.00908438526789369,0.0082139268539092,0.00861738909252426,TRUE,0.01346559189425386,0.01295548356474063,0.14389273148220771,0.10055938119348302,0.00861738909252426,0.0103752765190309,-36.60432352145029
1971-12-17,PETR4.SA,0.01169698843618355,1.1696988436183549,-7.473763887046007e-5,0.01177172607505401,0.00858484041769577,0.00852497320434981,TRUE,0.01343165284608191,0.01324203911700848,0.14830008761334984,0.1320896134295097,0.00852497320434981,0.01043257583425636,-37.20850676944346
1971-12-18,PETR4.SA,0.01242371703048064,1.2423717030480639,7.267285942970901e-4,0.01169698843618355,0.00862973776331216,0.00832129954835329,TRUE,0.01308341673176824,0.01326413980250603,0.05310002631813634,0.06764664471699389,0.00832129954835329,0.01043253914723672,-49.30020194909556
1971-12-23,PETR4.SA,0.01308341673176824,1.308341673176824,-3.482361143136697e-4,0.01343165284608191,0.01242371703048064,0.00862973776331216,TRUE,0.01326413980250603,0.01391196811559318,0.013813140286128043,0.06332836450994551,0.00862973776331216,0.0091410488493131,-51.60850874739354
1971-12-24,PETR4.SA,0.01321737530748416,1.321737530748416,1.3395857571591938e-4,0.01308341673176824,0.01391621831517529,0.0096854726324432,TRUE,0.0132543657652721,0.01339988873357096,0.0027986235487309488,0.01380859829133052,0.0096854726324432,0.00771253189505632,-36.46598167249193
1971-12-26,PETR4.SA,0.01295548356474063,1.2955483564740629,-4.4411378534246065e-4,0.01339959735008309,0.01346559189425386,0.01177172607505401,TRUE,0.01399293811103219,0.01361076397733791,0.08007841167079824,0.05057938666069384,0.01177172607505401,0.00861738909252426,-10.055938119348303
1971-12-27,PETR4.SA,0.01324203911700848,1.324203911700848,2.8655555226785034e-4,0.01295548356474063,0.01343165284608191,0.01169698843618355,TRUE,0.01388391216182064,0.01362948239757993,0.04847237190137273,0.029258581487937682,0.01169698843618355,0.00852497320434981,-13.20896134295097
1971-12-28,PETR4.SA,0.01326413980250603,1.326413980250603,2.210068549754994e-5,0.01324203911700848,0.01308341673176824,0.01242371703048064,TRUE,0.01391196811559318,0.0121748778567122,0.04884058240736829,-0.08212081311055185,0.01242371703048064,0.00832129954835329,-6.764664471699389
1971-12-29,PETR4.SA,0.0132543657652721,1.32543657652721,-9.774037233930069e-6,0.01326413980250603,0.01321737530748416,0.01391621831517529,TRUE,0.01339988873357096,0.01136711322009271,0.010979247960709374,-0.14238723893709046,0.01391621831517529,0.00835556318352892,4.7559799286955435
1972-01-07,PETR4.SA,0.0121748778567122,1.21748778567122,-0.0014546045408677308,0.01362948239757993,0.01391196811559318,0.01326413980250603,TRUE,0.01323991662293564,0.01435345166653826,0.08747839434268058,0.17894009578297151,0.01326413980250603,0.01242371703048064,8.212081311055185
1972-01-08,PETR4.SA,0.01136711322009271,1.136711322009271,-8.077646366194905e-4,0.0121748778567122,0.01339988873357096,0.0132543657652721,TRUE,0.01324626709616727,0.01455519672348068,0.16531496077235638,0.2804655361180583,0.0132543657652721,0.01391621831517529,14.238723893709047
1972-01-09,PETR4.SA,0.01140876218875129,1.140876218875129,4.164896865858046e-5,0.01136711322009271,0.01591649028751066,0.01410757301668531,TRUE,0.01327683292487977,0.01407597660019069,0.16374000134478606,0.23378648509907549,0.01410757301668531,0.01350232594522315,19.13022760713045
1972-01-10,PETR4.SA,0.01132030833925987,1.132030833925987,-8.84538494914204e-5,0.01140876218875129,0.01361076397733791,0.01399293811103219,TRUE,0.01332741352835988,0.0140587939104575,0.17730128269909265,0.24190909727258136,0.01399293811103219,0.01346559189425386,19.09984701258122
1972-01-11,PETR4.SA,0.01292112732134625,1.2921127321346249,0.0016008189820863796,0.01132030833925987,0.01362948239757993,0.01388391216182064,TRUE,0.0142840255361068,0.01427982109663543,0.10547827452400267,0.10515288190408599,0.01388391216182064,0.01343165284608191,6.934535664392579
1972-01-12,PETR4.SA,0.01323991662293564,1.323991662293564,3.187893015893905e-4,0.01292112732134625,0.0121748778567122,0.01391196811559318,TRUE,0.01435345166653826,0.0144688406398289,0.08410438489269884,0.0928196190272364,0.01391196811559318,0.01308341673176824,4.830743479811985
1972-01-13,PETR4.SA,0.01324626709616727,1.324626709616727,6.350473231629683e-6,0.01323991662293564,0.01136711322009271,0.01339988873357096,TRUE,0.01455519672348068,0.01446537358700378,0.098814980689325,0.09203396564374372,0.01339988873357096,0.01321737530748416,1.14643964929962
1972-01-14,PETR4.SA,0.01327683292487977,1.3276832924879771,3.056582871250116e-5,0.01324626709616727,0.01140876218875129,0.01591649028751066,TRUE,0.01407597660019069,0.01283892261637421,0.060190836160435864,-0.032983039779385236,0.01591649028751066,0.01339959735008309,16.584418517832248
1972-01-15,PETR4.SA,0.01332741352835988,1.332741352835988,5.058060348010936e-5,0.01327683292487977,0.01132030833925987,0.01361076397733791,TRUE,0.0140587939104575,0.01263666715767072,0.05487789363939889,-0.051828989114751846,0.01361076397733791,0.01295548356474063,2.081811494562774
1972-01-24,PETR4.SA,0.01283892261637421,1.2838922616374209,-0.0016264509706295713,0.01446537358700378,0.01407597660019069,0.01327683292487977,TRUE,0.0148356029392948,0.01461286219624563,0.1555177472893333,0.13816888167929403,0.01327683292487977,0.01591649028751066,3.2983039779385237
1972-01-25,PETR4.SA,0.01263666715767072,1.263666715767072,-2.0225545870349027e-4,0.01283892261637421,0.0140587939104575,0.01332741352835988,TRUE,0.01491623294350776,0.01696072577487895,0.18039295942469266,0.34218346999694743,0.01332741352835988,0.01361076397733791,5.182898911475185
1972-01-26,PETR4.SA,0.01252026555448928,1.252026555448928,-1.1640160318143918e-4,0.01263666715767072,0.01427982109663543,0.0142840255361068,TRUE,0.01297855403233669,0.01523548888746182,0.03660373462950121,0.2168662734153403,0.0142840255361068,0.01362948239757993,12.347779532871403
1972-01-31,PETR4.SA,0.01297855403233669,1.297855403233669,-0.0019376789111710691,0.01491623294350776,0.01252026555448928,0.01427982109663543,TRUE,0.01523548888746182,0.01592117269826019,0.17389724999424955,0.22672931503708532,0.01427982109663543,0.01292112732134625,9.11262862113406
1972-02-01,PETR4.SA,0.01282210382722499,1.2822103827224989,-1.5645020511170088e-4,0.01297855403233669,0.01395424990981655,0.0144688406398289,TRUE,0.0155015081266904,0.01437680354678679,0.2089676027873265,0.12125153098984652,0.0144688406398289,0.01323991662293564,11.381263043777528
1972-02-27,PETR4.SA,0.01303108721176596,1.303108721176596,-0.0014297139673445716,0.01446080117911053,0.01633691310466939,0.01562759670684131,TRUE,0.01737317238183581,0.01866897480218982,0.333209739103681,0.4326490567366727,0.01562759670684131,0.01642946118724607,16.614899550989023
